dataset_ID,date_sampled,month,day,site_ID,name,region,ownership,site_type,lake_origin,LAT_DD,LON_DD,NtoP,lake_ID_num,secchi,TEMP,COND,chl_a,TDP_P,Ordinal_date,year,site_type_num,elevation_m,FISH,DOC,TDN,NO3_N,max_depth_m,TOC,ppt_day,ppt_week,ppt_month,tmean_day,tmean_month,ppt_percent_normal,tmean_percent_normal,Max_SWE,SWE_pernorm,Difference_SnowFree,growing_season,barren2011,forest2011,shrub2011,wetland2011,snow2011,water1992to2011,barren1992to2011,forest1992to2011,shrub1992to2011,wetland1992to2011,snow1992to2011,elevRANGE,northMEAN,eastMEAN,slopeMAX,radSUM,lake_perc_area,lake_surface_area_m2,WS_area_km2,rglac_km2,rglacPCT,GRANITE_PCT,BIOTITE_GNEISS_PCT,ndepload,ndepconc,no3_nh4_load,no3_nh4_conc
NiwotLTER,6/23/2016,6,23,Albion.LH,Albion,Green Lakes Valley,City of Boulder Watershed,hypolimnion,DAM,40.0468222,-105.6036694,108.8,1,5,7,24.8,10.86,2.2,175,2016,1,3345,1,1.4,0.108,0.029,15,0.97,4.397,4.956,32.482,11.317,9.147667,0.4723649,1.36519,21.6,1.136842105,3,8,0.500416597,0.009498417,0.227795367,0.001999667,0.216463923,0.000833194,0.020329945,0,-0.000833194,0,-0.020329945,738.6738281,0.01673145,0.028846274,67.24014282,210512.9744,2.42,130538,5.39945,0.068325,0.012654067,0.256704981,0.653256705,3.7,0.023374653,0.687076323,0.68657099
NiwotLTER,7/14/2016,7,14,Albion.LH,Albion,Green Lakes Valley,City of Boulder Watershed,hypolimnion,DAM,40.0468222,-105.6036694,288.2,1,3.75,8.66,24.2,22.38,0.9,196,2016,1,3345,1,1.29,0.117,0.04,15,0.97,0,0,27.014,12.710001,12.381001,0.4723649,1.36519,21.6,1.136842105,3,29,0.500416597,0.009498417,0.227795367,0.001999667,0.216463923,0.000833194,0.020329945,0,-0.000833194,0,-0.020329945,738.6738281,0.01673145,0.028846274,67.24014282,210512.9744,2.42,130538,5.39945,0.068325,0.012654067,0.256704981,0.653256705,3.7,0.023374653,0.687076323,0.68657099
NiwotLTER,7/28/2016,7,28,Albion.LH,Albion,Green Lakes Valley,City of Boulder Watershed,hypolimnion,DAM,40.0468222,-105.6036694,206.9,1,4,9.22,23.1,5.22,1.2,210,2016,1,3345,1,1.3,0.112,0.025,15,0.97,0,1.968,27.221,14.156001,13.080067,0.3714902,1.1264966,21.6,1.136842105,3,43,0.500416597,0.009498417,0.227795367,0.001999667,0.216463923,0.000833194,0.020329945,0,-0.000833194,0,-0.020329945,738.6738281,0.01673145,0.028846274,67.24014282,210512.9744,2.42,130538,5.39945,0.068325,0.012654067,0.256704981,0.653256705,3.7,0.023374653,0.687076323,0.68657099
NiwotLTER,6/23/2016,6,23,Albion.LS,Albion,Green Lakes Valley,City of Boulder Watershed,surface,DAM,40.0468222,-105.6036694,228.9,1,5,9.44,24.3,15.63,1.55,175,2016,0,3345,1,1.88,0.16,0.035,15,0.97,4.397,4.956,32.482,11.317,9.147667,0.4723649,1.36519,21.6,1.136842105,3,8,0.500416597,0.009498417,0.227795367,0.001999667,0.216463923,0.000833194,0.020329945,0,-0.000833194,0,-0.020329945,738.6738281,0.01673145,0.028846274,67.24014282,210512.9744,2.42,130538,5.39945,0.068325,0.012654067,0.256704981,0.653256705,3.7,0.023374653,0.687076323,0.68657099
NiwotLTER,8/11/2016,8,11,Albion.LH,Albion,Green Lakes Valley,City of Boulder Watershed,hypolimnion,DAM,40.0468222,-105.6036694,198.1,1,2.75,11.06,24.3,2.17,1.5,224,2016,1,3345,1,1.32,0.134,0.014,15,0.97,1.493,12.956,29.068,12.299001,13.099334,0.3714902,1.1264966,21.6,1.136842105,3,57,0.500416597,0.009498417,0.227795367,0.001999667,0.216463923,0.000833194,0.020329945,0,-0.000833194,0,-0.020329945,738.6738281,0.01673145,0.028846274,67.24014282,210512.9744,2.42,130538,5.39945,0.068325,0.012654067,0.256704981,0.653256705,3.7,0.023374653,0.687076323,0.68657099
NiwotLTER,7/14/2016,7,14,Albion.LS,Albion,Green Lakes Valley,City of Boulder Watershed,surface,DAM,40.0468222,-105.6036694,309.9,1,3.8,11.94,23.8,17.4,0.93,196,2016,0,3345,1,1.47,0.13,0.019,15,0.97,0,0,27.014,12.710001,12.381001,0.4723649,1.36519,21.6,1.136842105,3,29,0.500416597,0.009498417,0.227795367,0.001999667,0.216463923,0.000833194,0.020329945,0,-0.000833194,0,-0.020329945,738.6738281,0.01673145,0.028846274,67.24014282,210512.9744,2.42,130538,5.39945,0.068325,0.012654067,0.256704981,0.653256705,3.7,0.023374653,0.687076323,0.68657099
NiwotLTER,8/11/2016,8,11,Albion.LS,Albion,Green Lakes Valley,City of Boulder Watershed,surface,DAM,40.0468222,-105.6036694,453,1,2.8,11.96,24.9,7.18,0.93,224,2016,0,3345,1,1.62,0.19,0.006,15,0.97,1.493,12.956,29.068,12.299001,13.099334,0.3714902,1.1264966,21.6,1.136842105,3,57,0.500416597,0.009498417,0.227795367,0.001999667,0.216463923,0.000833194,0.020329945,0,-0.000833194,0,-0.020329945,738.6738281,0.01673145,0.028846274,67.24014282,210512.9744,2.42,130538,5.39945,0.068325,0.012654067,0.256704981,0.653256705,3.7,0.023374653,0.687076323,0.68657099
NiwotLTER,7/28/2016,7,28,Albion.LS,Albion,Green Lakes Valley,City of Boulder Watershed,surface,DAM,40.0468222,-105.6036694,143,1,4,13.06,23.8,6.71,1.24,210,2016,0,3345,1,1.37,0.08,0.004,15,0.97,0,1.968,27.221,14.156001,13.080067,0.3714902,1.1264966,21.6,1.136842105,3,43,0.500416597,0.009498417,0.227795367,0.001999667,0.216463923,0.000833194,0.020329945,0,-0.000833194,0,-0.020329945,738.6738281,0.01673145,0.028846274,67.24014282,210512.9744,2.42,130538,5.39945,0.068325,0.012654067,0.256704981,0.653256705,3.7,0.023374653,0.687076323,0.68657099
Kvincent,7/25/2016,7,25,Black.LS,Black,RMNP,National Park Service,surface,NATURAL,40.26535444,-105.6413889,267.7,2,6,9.2,NA,1.1,2.75,207,2016,0,3236,1,0.53,0.332,NA,31,0.26,0,5.973,22.272,11.267,10.386567,0.24848526,1.1961268,18,0.967741935,-1,50,0.639674094,0.011805786,0.083139342,0.001330229,0.256401729,0.000166279,0.006983705,0,0,0,-0.007149983,1111.920654,0.006329007,0.000151681,81.19898224,185015.4838,0.58,31586.1,5.41414,0.119925,0.022150332,0.942698706,0.057301294,4.69,0.025844154,0.651989049,0.664959797
Kvincent,8/22/2016,8,22,Black.LS,Black,RMNP,National Park Service,surface,NATURAL,40.26535444,-105.6413889,204.6,2,5.5,10.7,NA,8,3.49,235,2016,0,3236,1,0.88,0.322,NA,31,0.26,0,23.359,55.678,8.456,9.691567,1.09242347,1.0032176,18,0.967741935,-1,78,0.639674094,0.011805786,0.083139342,0.001330229,0.256401729,0.000166279,0.006983705,0,0,0,-0.007149983,1111.920654,0.006329007,0.000151681,81.19898224,185015.4838,0.58,31586.1,5.41414,0.119925,0.022150332,0.942698706,0.057301294,4.69,0.025844154,0.651989049,0.664959797
Johnson,7/8/2016,7,8,Blue.LH,Blue,ARNF,Forest Service,hypolimnion,NATURAL,40.08897259,-105.6198549,134.4,3,6.3,2.71,5,1.56,4.29,190,2016,1,3449,1,0.56,0.26,0.172,42,0.21,0,6.32,42.82,10.728001,10.4482,0.46707417,1.524628,21.6,1.136842105,3,23,0.449983045,0,0.052899288,0.002373686,0.486944727,-0.001017294,0.003730078,0,0,0,-0.002712784,582.0131836,0.025473713,0.008421209,64.71871948,211174.4925,3.47,91873.1,2.65093,0.04685,0.017673043,0.786516854,0,3.82,0.023374653,0.690820028,0.68657099
Johnson,7/8/2016,7,8,Blue.LS,Blue,ARNF,Forest Service,surface,NATURAL,40.08897259,-105.6198549,222.4,3,6.3,2.8,4,0.52,3.09,190,2016,0,3449,1,0.61,0.31,0.181,42,0.21,0,6.32,42.82,10.728001,10.4482,0.46707417,1.524628,21.6,1.136842105,3,23,0.449983045,0,0.052899288,0.002373686,0.486944727,-0.001017294,0.003730078,0,0,0,-0.002712784,582.0131836,0.025473713,0.008421209,64.71871948,211174.4925,3.47,91873.1,2.65093,0.04685,0.017673043,0.786516854,0,3.82,0.023374653,0.690820028,0.68657099
Johnson,8/8/2016,8,8,Blue.LH,Blue,ARNF,Forest Service,hypolimnion,NATURAL,40.08897259,-105.6198549,124.8,3,4,4.73,6,2.39,3.73,221,2016,1,3449,1,0.53,0.21,0.178,42,0.21,1.442,16.041,28.484,11.133,11.701201,0.30165448,1.1681388,21.6,1.136842105,3,54,0.449983045,0,0.052899288,0.002373686,0.486944727,-0.001017294,0.003730078,0,0,0,-0.002712784,582.0131836,0.025473713,0.008421209,64.71871948,211174.4925,3.47,91873.1,2.65093,0.04685,0.017673043,0.786516854,0,3.82,0.023374653,0.690820028,0.68657099
Johnson,7/25/2016,7,25,Blue.LH,Blue,ARNF,Forest Service,hypolimnion,NATURAL,40.08897259,-105.6198549,118.1,3,3.5,4.75,6,3.81,2.44,207,2016,1,3449,1,1.1,0.13,0.124,42,0.21,0,6.376,24.702,12.471001,11.362067,0.30165448,1.1681388,21.6,1.136842105,3,40,0.449983045,0,0.052899288,0.002373686,0.486944727,-0.001017294,0.003730078,0,0,0,-0.002712784,582.0131836,0.025473713,0.008421209,64.71871948,211174.4925,3.47,91873.1,2.65093,0.04685,0.017673043,0.786516854,0,3.82,0.023374653,0.690820028,0.68657099
Johnson,7/25/2016,7,25,Blue.LS,Blue,ARNF,Forest Service,surface,NATURAL,40.08897259,-105.6198549,139.1,3,3.5,7.85,6,3.16,2.87,207,2016,0,3449,1,0.51,0.18,0.172,42,0.21,0,6.376,24.702,12.471001,11.362067,0.30165448,1.1681388,21.6,1.136842105,3,40,0.449983045,0,0.052899288,0.002373686,0.486944727,-0.001017294,0.003730078,0,0,0,-0.002712784,582.0131836,0.025473713,0.008421209,64.71871948,211174.4925,3.47,91873.1,2.65093,0.04685,0.017673043,0.786516854,0,3.82,0.023374653,0.690820028,0.68657099
Johnson,8/8/2016,8,8,Blue.LS,Blue,ARNF,Forest Service,surface,NATURAL,40.08897259,-105.6198549,96.8,3,4,9.9,5,3.64,4.58,221,2016,0,3449,1,0.69,0.2,0.095,42,0.21,1.442,16.041,28.484,11.133,11.701201,0.30165448,1.1681388,21.6,1.136842105,3,54,0.449983045,0,0.052899288,0.002373686,0.486944727,-0.001017294,0.003730078,0,0,0,-0.002712784,582.0131836,0.025473713,0.008421209,64.71871948,211174.4925,3.47,91873.1,2.65093,0.04685,0.017673043,0.786516854,0,3.82,0.023374653,0.690820028,0.68657099
Kvincent,7/25/2016,7,25,Blue2.LS,Blue2,RMNP,National Park Service,surface,NATURAL,40.26799111,-105.6316667,288.4,4,2.5,17,NA,3.7,3.19,207,2016,0,3408,0,1.4,0.415,0.261,9.1,0.11,0,5.973,22.272,11.267,10.386567,0.2484853,1.1961268,18,0.967741935,-1,50,0.957627119,0,0.004237288,0,0,0,0,0,0,0,0,604.0671387,-0.011107431,-0.078810751,46.36568451,195054.0123,4.72,9882.2,0.209253,0,0,1,0,4.38,0.027114174,0.637665271,0.630326474
Kvincent,8/23/2016,8,23,Blue2.LS,Blue2,RMNP,National Park Service,surface,NATURAL,40.26799111,-105.6316667,230.3,4,2,NA,NA,6.7,3.63,236,2016,0,3408,1,2.13,0.377,0.191,9.1,0.11,3.682,27.041,58.618,10.333,9.608634,1.0924235,1.0032176,18,0.967741935,-1,79,0.957627119,0,0.004237288,0,0,0,0,0,0,0,0,604.0671387,-0.011107431,-0.078810751,46.36568451,195054.0123,4.72,9882.2,0.209253,0,0,1,0,4.38,0.027114174,0.637665271,0.630326474
Kvincent,8/28/2016,8,28,Cony.LS,Cony,RMNP,National Park Service,surface,NATURAL,40.17298167,-105.6580556,136.5,6,5.5,7.7,NA,2,3.93,241,2016,0,3508,0,2.49,0.242,NA,19.2,0.12,0,22.337,83.937,7.3,9.039467,1.02434846,1.0047102,4.5,0.97826087,11,147,0.36998088,0,0.008604207,0,0.621414914,0,0.001912046,0,0,0,-0.001912046,493.5615234,0.059071334,0.043665863,80.48841095,183627.2836,5.63,52873.7,0.938577,0.169775,0.180885532,0,1,3.83,0.022659005,0.717680626,0.703056452
Kvincent,7/18/2016,7,18,Cony.LS,Cony,RMNP,National Park Service,surface,NATURAL,40.17298167,-105.6580556,213.4,6,4.5,8,NA,1.8,3.19,200,2016,0,3508,0,0.5,0.307,NA,19.2,0.12,0,0,28.789,12.200001,10.8805,0.23120234,1.191947,4.5,0.97826087,11,106,0.36998088,0,0.008604207,0,0.621414914,0,0.001912046,0,0,0,-0.001912046,493.5615234,0.059071334,0.043665863,80.48841095,183627.2836,5.63,52873.7,0.938577,0.169775,0.180885532,0,1,3.83,0.022659005,0.717680626,0.703056452
Johnson,6/30/2016,6,30,Diamond.LH,Diamond,ARNF,Forest Service,hypolimnion,NATURAL,39.9927042,-105.650417,88.7,7,4,6.66,37,1.15,4.25,182,2016,1,3340,1,0.99,0.17,0.088,7,0.29,0.73,3.004,24.92,12.104001,10.368467,0.42274808,1.5221147,21.6,1.136842105,3,15,0.373030876,0.018273472,0.073093888,0,0.495904222,0.003150599,0.006931317,0,0,0,-0.010081916,403.1931152,0.087490971,0.014194851,61.81403732,203569.3085,4.04,57651.8,1.42863,0.14825,0.103770745,0.979166667,0.020833333,3.3,0.023374653,0.688058843,0.68657099
Johnson,7/21/2016,7,21,Diamond.LH,Diamond,ARNF,Forest Service,hypolimnion,NATURAL,39.9927042,-105.650417,89.1,7,6,7.76,20,1.49,1.99,203,2016,1,3340,1,0.78,0.08,0.034,7,0.29,3.337,11.991,37.981,13.352,11.896601,0.40898932,1.1801767,21.6,1.136842105,3,36,0.373030876,0.018273472,0.073093888,0,0.495904222,0.003150599,0.006931317,0,0,0,-0.010081916,403.1931152,0.087490971,0.014194851,61.81403732,203569.3085,4.04,57651.8,1.42863,0.14825,0.103770745,0.979166667,0.020833333,3.3,0.023374653,0.688058843,0.68657099
Johnson,6/30/2016,6,30,Diamond.LS,Diamond,ARNF,Forest Service,surface,NATURAL,39.9927042,-105.650417,86.8,7,4,9.1,15,3.95,4.34,182,2016,0,3340,1,0.89,0.17,0.095,7,0.29,0.73,3.004,24.92,12.104001,10.368467,0.42274808,1.5221147,21.6,1.136842105,3,15,0.373030876,0.018273472,0.073093888,0,0.495904222,0.003150599,0.006931317,0,0,0,-0.010081916,403.1931152,0.087490971,0.014194851,61.81403732,203569.3085,4.04,57651.8,1.42863,0.14825,0.103770745,0.979166667,0.020833333,3.3,0.023374653,0.688058843,0.68657099
Johnson,8/1/2016,8,1,Diamond.LH,Diamond,ARNF,Forest Service,hypolimnion,NATURAL,39.9927042,-105.650417,78.3,7,6,12.82,41,3.22,2.83,214,2016,1,3340,1,0.7,0.1,0.007,7,0.29,6.926,7.748,27.45,12.461,12.451101,0.40898932,1.1801767,21.6,1.136842105,3,47,0.373030876,0.018273472,0.073093888,0,0.495904222,0.003150599,0.006931317,0,0,0,-0.010081916,403.1931152,0.087490971,0.014194851,61.81403732,203569.3085,4.04,57651.8,1.42863,0.14825,0.103770745,0.979166667,0.020833333,3.3,0.023374653,0.688058843,0.68657099
Johnson,7/21/2016,7,21,Diamond.LS,Diamond,ARNF,Forest Service,surface,NATURAL,39.9927042,-105.650417,56.4,7,6,13.43,19,1.34,3.54,203,2016,0,3340,1,0.74,0.09,0.031,7,0.29,3.337,11.991,37.981,13.352,11.896601,0.40898932,1.1801767,21.6,1.136842105,3,36,0.373030876,0.018273472,0.073093888,0,0.495904222,0.003150599,0.006931317,0,0,0,-0.010081916,403.1931152,0.087490971,0.014194851,61.81403732,203569.3085,4.04,57651.8,1.42863,0.14825,0.103770745,0.979166667,0.020833333,3.3,0.023374653,0.688058843,0.68657099
Johnson,8/1/2016,8,1,Diamond.LS,Diamond,ARNF,Forest Service,surface,NATURAL,39.9927042,-105.650417,80.3,7,6,13.79,20,1.79,3.59,214,2016,0,3340,1,0.79,0.13,0.021,7,0.29,6.926,7.748,27.45,12.461,12.451101,0.40898932,1.1801767,21.6,1.136842105,3,47,0.373030876,0.018273472,0.073093888,0,0.495904222,0.003150599,0.006931317,0,0,0,-0.010081916,403.1931152,0.087490971,0.014194851,61.81403732,203569.3085,4.04,57651.8,1.42863,0.14825,0.103770745,0.979166667,0.020833333,3.3,0.023374653,0.688058843,0.68657099
Kvincent,8/29/2016,8,29,Finch.LS,Finch,RMNP,National Park Service,surface,NATURAL,40.18340972,-105.5930556,150,11,NA,10.4,NA,3.2,7.88,242,2016,0,3021,1,4.46,0.533,NA,3.2,0.44,1.353,17.774,63.663,9.567,10.930934,1.12540528,0.9880686,4.5,0.97826087,11,148,0,0.923371648,0,0,0,0,0,0,0,0,0,116.0949707,0.018603259,0.138407831,30.37439728,210471.3005,10.29,24095.3,0.234173,0,0,0,0,3.23,0.024967228,0.66713945,0.668038315
Kvincent,7/19/2016,7,19,Finch.LS,Finch,RMNP,National Park Service,surface,NATURAL,40.18340972,-105.5930556,71.2,11,NA,17,NA,2.4,12.42,201,2016,0,3021,1,7.1,0.399,0.025,3.2,0.44,1.301,1.305,28.464,14.587001,12.957567,0.28763813,1.1562472,4.5,0.97826087,11,107,0,0.923371648,0,0,0,0,0,0,0,0,0,116.0949707,0.018603259,0.138407831,30.37439728,210471.3005,10.29,24095.3,0.234173,0,0,0,0,3.23,0.024967228,0.66713945,0.668038315
Johnson,7/29/2016,7,29,Forest.LH,Forest,ARNF,Forest Service,hypolimnion,NATURAL,39.92125673,-105.6737137,71.3,12,2.5,8.13,16,12.6,3.73,211,2016,1,3307,1,0.62,0.12,0.034,3,0.13,0,0,43.396,14.521001,13.486067,0.610625,1.1471324,14.5,1.18852459,-8,69,0.094488189,0.008748906,0.108486439,0,0.769028871,0,0,0,0,0,0,380.3190918,-0.047717881,0.089087674,68.40772247,207603.0162,2.12,21866.9,1.03284,0.046175,0.044706828,0,0.87254902,2.91,0.023535931,0.685375501,0.698207787
Johnson,7/5/2016,7,5,Forest.LH,Forest,ARNF,Forest Service,hypolimnion,NATURAL,39.92125673,-105.6737137,76.5,12,2.8,8.13,13,4.65,3.77,187,2016,1,3307,1,0.59,0.13,0.063,3,0.13,0.311,18.727,41.598,13.292001,12.275367,0.4483165,1.4131387,14.5,1.18852459,-8,45,0.094488189,0.008748906,0.108486439,0,0.769028871,0,0,0,0,0,0,380.3190918,-0.047717881,0.089087674,68.40772247,207603.0162,2.12,21866.9,1.03284,0.046175,0.044706828,0,0.87254902,2.91,0.023535931,0.685375501,0.698207787
Johnson,7/29/2016,7,29,Forest.LS,Forest,ARNF,Forest Service,surface,NATURAL,39.92125673,-105.6737137,85.5,12,2.5,8.29,19,7.65,3.63,211,2016,0,3307,1,0.66,0.14,0.036,3,0.13,0,0,43.396,14.521001,13.486067,0.610625,1.1471324,14.5,1.18852459,-8,69,0.094488189,0.008748906,0.108486439,0,0.769028871,0,0,0,0,0,0,380.3190918,-0.047717881,0.089087674,68.40772247,207603.0162,2.12,21866.9,1.03284,0.046175,0.044706828,0,0.87254902,2.91,0.023535931,0.685375501,0.698207787
Johnson,7/5/2016,7,5,Forest.LS,Forest,ARNF,Forest Service,surface,NATURAL,39.92125673,-105.6737137,59.9,12,2.8,8.29,13,8.06,5.18,187,2016,0,3307,1,0.59,0.14,0.073,3,0.13,0.311,18.727,41.598,13.292001,12.275367,0.4483165,1.4131387,14.5,1.18852459,-8,45,0.094488189,0.008748906,0.108486439,0,0.769028871,0,0,0,0,0,0,380.3190918,-0.047717881,0.089087674,68.40772247,207603.0162,2.12,21866.9,1.03284,0.046175,0.044706828,0,0.87254902,2.91,0.023535931,0.685375501,0.698207787
Kvincent,8/22/2016,8,22,Frozen.LS,Frozen,RMNP,National Park Service,surface,NATURAL,40.25771333,-105.6427778,342,13,5.5,8.7,NA,7.4,1.88,235,2016,0,3529,0,0.44,0.29,0.317,27,0.1,0,23.359,55.678,8.456,9.691567,1.09242347,1.0032176,18,0.967741935,-1,78,0.643678161,0,0,0,0.343678161,0,0.001149425,0,0,0,-0.001149425,600.8823242,0.05959075,-0.017936572,73.52119446,178150.6188,3.48,27071.3,0.778165,0.0525,0.067466411,1,0,4.73,0.025682877,0.662925656,0.6545698
Kvincent,7/25/2016,7,25,Frozen.LS,Frozen,RMNP,National Park Service,surface,NATURAL,40.25771333,-105.6427778,282.1,13,4.25,9,NA,2.4,2.46,207,2016,0,3529,0,0.45,0.313,0.397,27,0.1,0,5.973,22.272,11.267,10.386567,0.24848526,1.1961268,18,0.967741935,-1,50,0.643678161,0,0,0,0.343678161,0,0.001149425,0,0,0,-0.001149425,600.8823242,0.05959075,-0.017936572,73.52119446,178150.6188,3.48,27071.3,0.778165,0.0525,0.067466411,1,0,4.73,0.025682877,0.662925656,0.6545698
NiwotLTER,7/30/2015,7,30,GL1.LH,GL1,Green Lakes Valley,City of Boulder Watershed,hypolimnion,NATURAL,40.0509611,-105.6056944,148.2,14,3.5,11.34,47.2,10.85,1.9,211,2015,1,3425,1,0.99,0.127,0.073,7,0.57,0,0,91.5,9.150001,9.1229,1.2242441,0.9691325,21.8,1.147368421,-6,35,0.317286652,0,0.503282276,0,0.115973742,0,0.015317287,0,0.002188184,0,-0.01750547,280.6965332,0.037602634,0.07261477,47.06485748,227293.9978,9.8,40016.7,0.4085,0,0,0.146341463,0.56097561,2.69,0.01661126,0.895151411,0.872759734
NiwotLTER,8/4/2015,8,4,GL1.LH,GL1,Green Lakes Valley,City of Boulder Watershed,hypolimnion,NATURAL,40.0509611,-105.6056944,82.8,14,3.9,11.42,47.7,4.63,3.4,216,2015,1,3425,1,0.87,0.127,0.063,7,0.57,0,1.09,79.23,8.905001,9.0867,1.2242441,0.9691325,21.8,1.147368421,-6,40,0.317286652,0,0.503282276,0,0.115973742,0,0.015317287,0,0.002188184,0,-0.01750547,280.6965332,0.037602634,0.07261477,47.06485748,227293.9978,9.8,40016.7,0.4085,0,0,0.146341463,0.56097561,2.69,0.01661126,0.895151411,0.872759734
NiwotLTER,7/21/2016,7,21,GL1.LH,GL1,Green Lakes Valley,City of Boulder Watershed,hypolimnion,NATURAL,40.0509611,-105.6056944,484.1,14,7,11.75,48.9,10.19,0.6,203,2016,1,3425,1,1.05,0.131,0.072,7,0.57,1.435,7.368,33.194,13.243001,10.942601,0.3599947,1.1651942,21.6,1.136842105,3,36,0.317286652,0,0.503282276,0,0.115973742,0,0.015317287,0,0.002188184,0,-0.01750547,280.6965332,0.037602634,0.07261477,47.06485748,227293.9978,9.8,40016.7,0.4085,0,0,0.146341463,0.56097561,3.62,0.023374653,0.682674136,0.68657099
NiwotLTER,8/4/2015,8,4,GL1.LS,GL1,Green Lakes Valley,City of Boulder Watershed,surface,NATURAL,40.0509611,-105.6056944,243.2,14,3.9,11.95,48.2,11.28,1.55,216,2015,0,3425,1,1.17,0.17,0.052,7,0.57,0,1.09,79.23,8.905001,9.0867,1.2242441,0.9691325,21.8,1.147368421,-6,40,0.317286652,0,0.503282276,0,0.115973742,0,0.015317287,0,0.002188184,0,-0.01750547,280.6965332,0.037602634,0.07261477,47.06485748,227293.9978,9.8,40016.7,0.4085,0,0,0.146341463,0.56097561,2.69,0.01661126,0.895151411,0.872759734
NiwotLTER,7/21/2016,7,21,GL1.LS,GL1,Green Lakes Valley,City of Boulder Watershed,surface,NATURAL,40.0509611,-105.6056944,1287.4,14,7,12.76,49.4,2.31,0.31,203,2016,0,3425,1,1.2,0.18,0.085,7,0.57,1.435,7.368,33.194,13.243001,10.942601,0.3599947,1.1651942,21.6,1.136842105,3,36,0.317286652,0,0.503282276,0,0.115973742,0,0.015317287,0,0.002188184,0,-0.01750547,280.6965332,0.037602634,0.07261477,47.06485748,227293.9978,9.8,40016.7,0.4085,0,0,0.146341463,0.56097561,3.62,0.023374653,0.682674136,0.68657099
NiwotLTER,7/30/2015,7,30,GL1.LS,GL1,Green Lakes Valley,City of Boulder Watershed,surface,NATURAL,40.0509611,-105.6056944,92,14,3.5,13.24,47.5,17.96,4.34,211,2015,0,3425,1,1.22,0.18,0.06,7,0.57,0,0,91.5,9.150001,9.1229,1.2242441,0.9691325,21.8,1.147368421,-6,35,0.317286652,0,0.503282276,0,0.115973742,0,0.015317287,0,0.002188184,0,-0.01750547,280.6965332,0.037602634,0.07261477,47.06485748,227293.9978,9.8,40016.7,0.4085,0,0,0.146341463,0.56097561,2.69,0.01661126,0.895151411,0.872759734
NiwotLTER,8/4/2016,8,4,GL1.LH,GL1,Green Lakes Valley,City of Boulder Watershed,hypolimnion,NATURAL,40.0509611,-105.6056944,223.2,14,4.5,13.31,49.5,2.12,1.5,217,2016,1,3425,1,1.18,0.151,0.059,7,0.57,0,7.134,16.485,12.453001,11.768367,0.3599947,1.1651942,21.6,1.136842105,3,50,0.317286652,0,0.503282276,0,0.115973742,0,0.015317287,0,0.002188184,0,-0.01750547,280.6965332,0.037602634,0.07261477,47.06485748,227293.9978,9.8,40016.7,0.4085,0,0,0.146341463,0.56097561,3.62,0.023374653,0.682674136,0.68657099
NiwotLTER,8/4/2016,8,4,GL1.LS,GL1,Green Lakes Valley,City of Boulder Watershed,surface,NATURAL,40.0509611,-105.6056944,143,14,NA,13.58,48.9,1.51,2.17,217,2016,0,3425,1,1.22,0.14,0.054,7,0.57,0,7.134,16.485,12.453001,11.768367,0.3599947,1.1651942,21.6,1.136842105,3,50,0.317286652,0,0.503282276,0,0.115973742,0,0.015317287,0,0.002188184,0,-0.01750547,280.6965332,0.037602634,0.07261477,47.06485748,227293.9978,9.8,40016.7,0.4085,0,0,0.146341463,0.56097561,3.62,0.023374653,0.682674136,0.68657099
NiwotLTER,7/19/2016,7,19,GL4.LH,GL4,Green Lakes Valley,City of Boulder Watershed,hypolimnion,NATURAL,40.0553889,-105.6203417,171.5,15,3.3,7.5,14.17,15.91,1.5,201,2016,1,3550,0,0.53,0.116,0.116,13,0.38,2.426,2.439,29.34,11.971001,10.883401,0.3599947,1.1651942,21.6,1.136842105,3,34,0.60375051,0,0.066041582,0.002853649,0.316754994,0.001630656,0.023644517,0,0,0,-0.025275173,520.6628418,0.026883813,0.007687487,67.24014282,205694.3704,1.87,41311.8,2.20791,0.03495,0.01582945,0.3,0.695238095,3.72,0.023374653,0.690816496,0.68657099
NiwotLTER,7/23/2015,7,23,GL4.LH,GL4,Green Lakes Valley,City of Boulder Watershed,hypolimnion,NATURAL,40.0553889,-105.6203417,221.7,15,4,8.03,12.81,1.78,1.9,204,2015,1,3550,0,0.66,0.19,0.118,13,0.38,0,5.81,99.859,8.974,9.1296,1.2242441,0.9691325,21.8,1.147368421,-6,28,0.60375051,0,0.066041582,0.002853649,0.316754994,0.001630656,0.023644517,0,0,0,-0.025275173,520.6628418,0.026883813,0.007687487,67.24014282,205694.3704,1.87,41311.8,2.20791,0.03495,0.01582945,0.3,0.695238095,2.8,0.017488187,0.869757867,0.855646798
NiwotLTER,7/23/2015,7,23,GL4.LS,GL4,Green Lakes Valley,City of Boulder Watershed,surface,NATURAL,40.0553889,-105.6203417,296.3,15,NA,8.61,13.02,4.11,2.17,204,2015,0,3550,0,0.86,0.29,0.108,13,0.38,0,5.81,99.859,8.974,9.1296,1.2242441,0.9691325,21.8,1.147368421,-6,28,0.60375051,0,0.066041582,0.002853649,0.316754994,0.001630656,0.023644517,0,0,0,-0.025275173,520.6628418,0.026883813,0.007687487,67.24014282,205694.3704,1.87,41311.8,2.20791,0.03495,0.01582945,0.3,0.695238095,2.8,0.017488187,0.869757867,0.855646798
NiwotLTER,8/6/2015,8,6,GL4.LH,GL4,Green Lakes Valley,City of Boulder Watershed,hypolimnion,NATURAL,40.0553889,-105.6203417,58.1,15,4.5,9.66,13,5.77,3.7,218,2015,1,3550,0,0.62,0.097,0.067,13,0.38,0,1.09,55.17,11.795001,9.287867,1.2242441,0.9691325,21.8,1.147368421,-6,42,0.60375051,0,0.066041582,0.002853649,0.316754994,0.001630656,0.023644517,0,0,0,-0.025275173,520.6628418,0.026883813,0.007687487,67.24014282,205694.3704,1.87,41311.8,2.20791,0.03495,0.01582945,0.3,0.695238095,2.8,0.017488187,0.869757867,0.855646798
NiwotLTER,8/6/2015,8,6,GL4.LS,GL4,Green Lakes Valley,City of Boulder Watershed,surface,NATURAL,40.0553889,-105.6203417,58.1,15,NA,9.95,13.04,10.66,4.96,218,2015,0,3550,0,0.71,0.13,0.072,13,0.38,0,1.09,55.17,11.795001,9.287867,1.2242441,0.9691325,21.8,1.147368421,-6,42,0.60375051,0,0.066041582,0.002853649,0.316754994,0.001630656,0.023644517,0,0,0,-0.025275173,520.6628418,0.026883813,0.007687487,67.24014282,205694.3704,1.87,41311.8,2.20791,0.03495,0.01582945,0.3,0.695238095,2.8,0.017488187,0.869757867,0.855646798
NiwotLTER,8/16/2016,8,16,GL4.LH,GL4,Green Lakes Valley,City of Boulder Watershed,hypolimnion,NATURAL,40.0553889,-105.6203417,195.9,15,4.5,10.15,15,6.82,0.6,229,2016,1,3550,0,0.67,0.053,NA,13,0.38,0,4.117,31.722,10.537001,11.055634,1.0635839,0.9624561,21.6,1.136842105,3,62,0.60375051,0,0.066041582,0.002853649,0.316754994,0.001630656,0.023644517,0,0,0,-0.025275173,520.6628418,0.026883813,0.007687487,67.24014282,205694.3704,1.87,41311.8,2.20791,0.03495,0.01582945,0.3,0.695238095,3.72,0.023374653,0.690816496,0.68657099
NiwotLTER,7/19/2016,7,19,GL4.LS,GL4,Green Lakes Valley,City of Boulder Watershed,surface,NATURAL,40.0553889,-105.6203417,357.6,15,NA,10.39,14.07,5.24,0.93,201,2016,0,3550,0,0.59,0.15,0.08,13,0.38,2.426,2.439,29.34,11.971001,10.883401,0.3599947,1.1651942,21.6,1.136842105,3,34,0.60375051,0,0.066041582,0.002853649,0.316754994,0.001630656,0.023644517,0,0,0,-0.025275173,520.6628418,0.026883813,0.007687487,67.24014282,205694.3704,1.87,41311.8,2.20791,0.03495,0.01582945,0.3,0.695238095,3.72,0.023374653,0.690816496,0.68657099
NiwotLTER,8/16/2016,8,16,GL4.LS,GL4,Green Lakes Valley,City of Boulder Watershed,surface,NATURAL,40.0553889,-105.6203417,186,15,4.5,11.22,15.59,0.89,1.55,229,2016,0,3550,0,0.65,0.13,0.033,13,0.38,0,4.117,31.722,10.537001,11.055634,1.0635839,0.9624561,21.6,1.136842105,3,62,0.60375051,0,0.066041582,0.002853649,0.316754994,0.001630656,0.023644517,0,0,0,-0.025275173,520.6628418,0.026883813,0.007687487,67.24014282,205694.3704,1.87,41311.8,2.20791,0.03495,0.01582945,0.3,0.695238095,3.72,0.023374653,0.690816496,0.68657099
LVWS,9/10/2016,9,10,Haiyaha.LS,Haiyaha,RMNP,National Park Service,surface,NATURAL,40.30465,-105.66228,NA,20,NA,11.8,12.4,10.03,NA,254,2016,0,3118,1,0.479,0.193,0.138,NA,0.28,0,0.625,41.688,5.619,9.343634,1.01177768,1.0055781,18,0.967741935,-1,97,0.653798257,0.028019925,0.066002491,0.004669988,0.232876712,0,0.018057285,0,0,0,-0.018057285,760.605957,-0.049505077,0.009317658,72.53484344,192788.547,1.59,45809.6,2.88898,0.56335,0.194999619,0.189003436,0.810996564,4.14,0.026398525,0.652320741,0.642030149
Johnson,6/22/2016,6,22,Isabelle.LH,Isabelle,ARNF,Forest Service,hypolimnion,NATURAL,40.0693832,-105.6185272,190,16,4,3.58,11,4.43,3.5,174,2016,1,3301,1,1.47,0.3,0.199,8,0.4,0,2.019,32.755,14.883,7.3074,0.46707417,1.524628,21.6,1.136842105,3,7,0.519534972,0.038117019,0.078330475,0.002096436,0.344959024,0.000190585,0.00971984,0,0,0,-0.009910425,808.3205566,0.02622592,0.040160372,73.03639984,197531.7898,2.68,126778,4.72344,0.188125,0.039827964,0.187234043,0.55106383,3.7,0.023374653,0.692627387,0.68657099
Johnson,6/22/2016,6,22,Isabelle.LS,Isabelle,ARNF,Forest Service,surface,NATURAL,40.0693832,-105.6185272,150.9,16,4,3.7,11,8.33,6.17,174,2016,0,3301,1,1.12,0.42,0.223,8,0.4,0,2.019,32.755,14.883,7.3074,0.46707417,1.524628,21.6,1.136842105,3,7,0.519534972,0.038117019,0.078330475,0.002096436,0.344959024,0.000190585,0.00971984,0,0,0,-0.009910425,808.3205566,0.02622592,0.040160372,73.03639984,197531.7898,2.68,126778,4.72344,0.188125,0.039827964,0.187234043,0.55106383,3.7,0.023374653,0.692627387,0.68657099
Johnson,7/11/2016,7,11,Isabelle.LH,Isabelle,ARNF,Forest Service,hypolimnion,NATURAL,40.0693832,-105.6185272,112.4,16,6,7.2,9,15.06,4.93,193,2016,1,3301,1,0.78,0.25,0.117,8,0.4,0,0.01,40.247,14.401001,10.724267,0.46707417,1.524628,21.6,1.136842105,3,26,0.519534972,0.038117019,0.078330475,0.002096436,0.344959024,0.000190585,0.00971984,0,0,0,-0.009910425,808.3205566,0.02622592,0.040160372,73.03639984,197531.7898,2.68,126778,4.72344,0.188125,0.039827964,0.187234043,0.55106383,3.7,0.023374653,0.692627387,0.68657099
Johnson,7/11/2016,7,11,Isabelle.LS,Isabelle,ARNF,Forest Service,surface,NATURAL,40.0693832,-105.6185272,107.7,16,6,8.67,10,2.62,3.91,193,2016,0,3301,1,0.79,0.19,0.118,8,0.4,0,0.01,40.247,14.401001,10.724267,0.46707417,1.524628,21.6,1.136842105,3,26,0.519534972,0.038117019,0.078330475,0.002096436,0.344959024,0.000190585,0.00971984,0,0,0,-0.009910425,808.3205566,0.02622592,0.040160372,73.03639984,197531.7898,2.68,126778,4.72344,0.188125,0.039827964,0.187234043,0.55106383,3.7,0.023374653,0.692627387,0.68657099
Johnson,8/5/2016,8,5,Isabelle.LH,Isabelle,ARNF,Forest Service,hypolimnion,NATURAL,40.0693832,-105.6185272,188.2,16,6,8.88,9,7.9,3.77,218,2016,1,3301,1,0.85,0.32,0.056,8,0.4,2.636,10.668,17.044,7.316,11.960934,0.30165448,1.1681388,21.6,1.136842105,3,51,0.519534972,0.038117019,0.078330475,0.002096436,0.344959024,0.000190585,0.00971984,0,0,0,-0.009910425,808.3205566,0.02622592,0.040160372,73.03639984,197531.7898,2.68,126778,4.72344,0.188125,0.039827964,0.187234043,0.55106383,3.7,0.023374653,0.692627387,0.68657099
Johnson,8/5/2016,8,5,Isabelle.LS,Isabelle,ARNF,Forest Service,surface,NATURAL,40.0693832,-105.6185272,83.5,16,6,8.92,9,3.18,3.45,218,2016,0,3301,1,0.79,0.13,0.05,8,0.4,2.636,10.668,17.044,7.316,11.960934,0.30165448,1.1681388,21.6,1.136842105,3,51,0.519534972,0.038117019,0.078330475,0.002096436,0.344959024,0.000190585,0.00971984,0,0,0,-0.009910425,808.3205566,0.02622592,0.040160372,73.03639984,197531.7898,2.68,126778,4.72344,0.188125,0.039827964,0.187234043,0.55106383,3.7,0.023374653,0.692627387,0.68657099
Johnson,6/15/2016,6,15,Jasper.LH,Jasper,ARNF,Forest Service,hypolimnion,RESERVOIR,39.9790853,-105.6628812,99.2,17,3.5,2.56,13,2.21,5.59,167,2016,1,3301,1,1.61,0.25,0.156,10,0.48,0,11.78,38.602,7.18,6.4351,0.42158006,1.4531127,14.5,1.18852459,-8,25,0.247871978,0.026557712,0.195437521,0.002042901,0.486891386,0.000680967,0.004766769,0.000680967,0.000340483,0,-0.006469186,570.0561523,-0.036802709,-0.022466793,60.41686249,217133.7898,2.86,75705.1,2.6495,0,0,0.857677903,0.142322097,3.19,0.023374653,0.690795343,0.68657099
Johnson,6/15/2016,6,15,Jasper.LS,Jasper,ARNF,Forest Service,surface,Reservoir,39.9790853,-105.6628812,261.4,17,3.5,2.6,11,2.4,2.29,167,2016,0,3301,1,1.74,0.27,0.148,10,0.48,0,11.78,38.602,7.18,6.4351,0.42158006,1.4531127,14.5,1.18852459,-8,25,0.247871978,0.026557712,0.195437521,0.002042901,0.486891386,0.000680967,0.004766769,0.000680967,0.000340483,0,-0.006469186,570.0561523,-0.036802709,-0.022466793,60.41686249,217133.7898,2.86,75705.1,2.6495,0,0,0.857677903,0.142322097,3.19,0.023374653,0.690795343,0.68657099
Johnson,7/6/2016,7,6,Jasper.LH,Jasper,ARNF,Forest Service,hypolimnion,RESERVOIR,39.9790853,-105.6628812,100,17,3.5,4.29,29,20.78,3.77,188,2016,1,3301,1,1.24,0.17,0.079,10,0.48,0.099,19.034,41.44,11.821,11.678367,0.42158006,1.4531127,14.5,1.18852459,-8,46,0.247871978,0.026557712,0.195437521,0.002042901,0.486891386,0.000680967,0.004766769,0.000680967,0.000340483,0,-0.006469186,570.0561523,-0.036802709,-0.022466793,60.41686249,217133.7898,2.86,75705.1,2.6495,0,0,0.857677903,0.142322097,3.19,0.023374653,0.690795343,0.68657099
Johnson,7/6/2016,7,6,Jasper.LS,Jasper,ARNF,Forest Service,surface,Reservoir,39.9790853,-105.6628812,76.5,17,3.5,9.63,12,3.29,6.38,188,2016,0,3301,1,1.37,0.22,0.079,10,0.48,0.099,19.034,41.44,11.821,11.678367,0.42158006,1.4531127,14.5,1.18852459,-8,46,0.247871978,0.026557712,0.195437521,0.002042901,0.486891386,0.000680967,0.004766769,0.000680967,0.000340483,0,-0.006469186,570.0561523,-0.036802709,-0.022466793,60.41686249,217133.7898,2.86,75705.1,2.6495,0,0,0.857677903,0.142322097,3.19,0.023374653,0.690795343,0.68657099
Kvincent,7/11/2016,7,11,Lion1.LS,Lion1,RMNP,National Park Service,surface,NATURAL,40.2319444,-105.6386111,65.3,21,NA,11.5,NA,0.4,6.42,193,2016,0,3373,0,0.84,0.189,0.084,1.8,0.34,0,0.33,33.666,13.341001,9.946601,0.3698434,1.7119119,4.5,0.97826087,11,99,0.393710311,0.006350166,0.156032658,0.001814333,0.424856365,0.000604778,0.000604778,0,0.000604778,0,-0.001814333,753.1040039,-0.043327356,-0.011032023,72.26136017,216763.9476,0.67,19918.8,2.97736,0.0362,0.012158422,0.336700337,0.28956229,4.74,0.024967228,0.670321259,0.668038315
Kvincent,8/15/2016,8,15,Lion1.LS,Lion1,RMNP,National Park Service,surface,NATURAL,40.2319444,-105.6386111,74.4,21,NA,12,NA,0.8,6.56,228,2016,0,3373,0,0.76,0.22,NA,1.8,0.34,0,6.24,37.55,8.673,10.728301,1.09242347,1.0032176,4.5,0.97826087,11,134,0.393710311,0.006350166,0.156032658,0.001814333,0.424856365,0.000604778,0.000604778,0,0.000604778,0,-0.001814333,753.1040039,-0.043327356,-0.011032023,72.26136017,216763.9476,0.67,19918.8,2.97736,0.0362,0.012158422,0.336700337,0.28956229,4.74,0.024967228,0.670321259,0.668038315
Kvincent,7/11/2016,7,11,Lion2.LS,Lion2,RMNP,National Park Service,surface,NATURAL,40.23777056,-105.6416667,74.9,22,4,8.4,NA,1.6,5.24,193,2016,0,3469,0,0.83,0.177,0.084,11.4,0.26,0,0.33,33.666,13.341001,9.946601,0.3698434,1.7119119,4.5,0.97826087,11,99,0.413672655,0,0.177145709,0,0.389720559,0,0.000499002,0,0,0,-0.000499002,645.8818359,-0.030148289,-0.02620729,72.26136017,214724.0362,0.82,14890,1.80611,0.00335,0.001854815,0.561111111,0.2,4.68,0.024967228,0.673166294,0.668038315
Kvincent,8/15/2016,8,15,Lion2.LS,Lion2,RMNP,National Park Service,surface,NATURAL,40.23777056,-105.6416667,93.4,22,7,11.8,NA,0.8,4.51,228,2016,0,3469,0,0.63,0.19,0.104,11.4,0.26,0,6.24,37.55,8.673,10.728301,1.09242347,1.0032176,4.5,0.97826087,11,134,0.413672655,0,0.177145709,0,0.389720559,0,0.000499002,0,0,0,-0.000499002,645.8818359,-0.030148289,-0.02620729,72.26136017,214724.0362,0.82,14890,1.80611,0.00335,0.001854815,0.561111111,0.2,4.68,0.024967228,0.673166294,0.668038315
Johnson,7/13/2016,7,13,Lion2.LH,Lion2,RMNP,National Park Service,hypolimnion,NATURAL,40.23765451,-105.6416988,58.2,22,4,7.06,6,10.15,5.33,195,2016,1,3478,0,0.8,0.14,0.02,9,0.26,0,0,31.505,8.29,9.839834,0.3698434,1.7119119,4.5,0.97826087,11,101,0.413672655,0,0.177145709,0,0.389720559,0,0.000499002,0,0,0,-0.000499002,645.8818359,-0.030148289,-0.02620729,72.26136017,214724.0362,0.82,14890,1.80611,0.00335,0.001854815,0.561111111,0.2,4.68,0.024967228,0.673166294,0.668038315
Johnson,7/13/2016,7,13,Lion2.LS,Lion2,RMNP,National Park Service,surface,NATURAL,40.23765451,-105.6416988,100.5,22,4,8.95,5,6.3,3.31,195,2016,0,3478,0,0.75,0.15,0.05,9,0.26,0,0,31.505,8.29,9.839834,0.3698434,1.7119119,4.5,0.97826087,11,101,0.413672655,0,0.177145709,0,0.389720559,0,0.000499002,0,0,0,-0.000499002,645.8818359,-0.030148289,-0.02620729,72.26136017,214724.0362,0.82,14890,1.80611,0.00335,0.001854815,0.561111111,0.2,4.68,0.024967228,0.673166294,0.668038315
Johnson,7/27/2016,7,27,Lion2.LH,Lion2,RMNP,National Park Service,hypolimnion,NATURAL,40.23765451,-105.6416988,57.8,22,4.8,9.09,7,12.67,3.45,209,2016,1,3478,0,0.83,0.09,0.002,9,0.26,0,4.132,22.272,11.828001,10.546467,0.24848526,1.1961268,4.5,0.97826087,11,115,0.413672655,0,0.177145709,0,0.389720559,0,0.000499002,0,0,0,-0.000499002,645.8818359,-0.030148289,-0.02620729,72.26136017,214724.0362,0.82,14890,1.80611,0.00335,0.001854815,0.561111111,0.2,4.68,0.024967228,0.673166294,0.668038315
Johnson,8/10/2016,8,10,Lion2.LH,Lion2,RMNP,National Park Service,hypolimnion,NATURAL,40.23765451,-105.6416988,157.7,22,5,11.36,9,2.46,4.78,223,2016,1,3478,0,0.92,0.34,0.052,9,0.26,2.316,20.999,33.65,11.485001,10.753101,0.24848526,1.1961268,4.5,0.97826087,11,129,0.413672655,0,0.177145709,0,0.389720559,0,0.000499002,0,0,0,-0.000499002,645.8818359,-0.030148289,-0.02620729,72.26136017,214724.0362,0.82,14890,1.80611,0.00335,0.001854815,0.561111111,0.2,4.68,0.024967228,0.673166294,0.668038315
Johnson,8/10/2016,8,10,Lion2.LS,Lion2,RMNP,National Park Service,surface,NATURAL,40.23765451,-105.6416988,99.5,22,5,11.72,7,2.43,4.01,223,2016,0,3478,0,0.84,0.18,0.049,9,0.26,2.316,20.999,33.65,11.485001,10.753101,0.24848526,1.1961268,4.5,0.97826087,11,129,0.413672655,0,0.177145709,0,0.389720559,0,0.000499002,0,0,0,-0.000499002,645.8818359,-0.030148289,-0.02620729,72.26136017,214724.0362,0.82,14890,1.80611,0.00335,0.001854815,0.561111111,0.2,4.68,0.024967228,0.673166294,0.668038315
Johnson,7/27/2016,7,27,Lion2.LS,Lion2,RMNP,National Park Service,surface,NATURAL,40.23765451,-105.6416988,57.4,22,4.8,12.06,7,9.79,8.11,209,2016,0,3478,0,0.72,0.21,0.049,9,0.26,0,4.132,22.272,11.828001,10.546467,0.24848526,1.1961268,4.5,0.97826087,11,115,0.413672655,0,0.177145709,0,0.389720559,0,0.000499002,0,0,0,-0.000499002,645.8818359,-0.030148289,-0.02620729,72.26136017,214724.0362,0.82,14890,1.80611,0.00335,0.001854815,0.561111111,0.2,4.68,0.024967228,0.673166294,0.668038315
Johnson,6/22/2016,6,22,Long.LH,Long,ARNF,Forest Service,hypolimnion,NATURAL,40.07235747,-105.5923462,113.5,24,2.3,4.87,11,3.37,5.08,174,2016,1,3253,1,1.91,0.26,0.131,7,1.14,0,1.357,30.787,16.42,9.0687,0.49194331,1.3833229,21.6,1.136842105,3,7,0.293951502,0.194199504,0.198677322,0.00688895,0.288095894,6.89E-05,0.008611188,6.89E-05,0.001653348,0,-0.010402315,889.9680176,-0.031384299,0.028534707,73.03639984,208542.4181,1.25,163801,13.0638,0.2506,0.01918278,0.169767442,0.25503876,3.64,0.023374653,0.685450923,0.68657099
Johnson,6/22/2016,6,22,Long.LS,Long,ARNF,Forest Service,surface,NATURAL,40.07235747,-105.5923462,140,24,2.3,6.26,12,3.46,3.96,174,2016,0,3253,1,2.07,0.25,0.13,7,1.14,0,1.357,30.787,16.42,9.0687,0.49194331,1.3833229,21.6,1.136842105,3,7,0.293951502,0.194199504,0.198677322,0.00688895,0.288095894,6.89E-05,0.008611188,6.89E-05,0.001653348,0,-0.010402315,889.9680176,-0.031384299,0.028534707,73.03639984,208542.4181,1.25,163801,13.0638,0.2506,0.01918278,0.169767442,0.25503876,3.64,0.023374653,0.685450923,0.68657099
Johnson,7/11/2016,7,11,Long.LH,Long,ARNF,Forest Service,hypolimnion,NATURAL,40.07235747,-105.5923462,68.7,24,3.5,9.96,11,6.97,5.49,193,2016,1,3253,1,1.14,0.17,0.047,7,1.14,0,0,39.392,16.233002,12.441334,0.49194331,1.3833229,21.6,1.136842105,3,26,0.293951502,0.194199504,0.198677322,0.00688895,0.288095894,6.89E-05,0.008611188,6.89E-05,0.001653348,0,-0.010402315,889.9680176,-0.031384299,0.028534707,73.03639984,208542.4181,1.25,163801,13.0638,0.2506,0.01918278,0.169767442,0.25503876,3.64,0.023374653,0.685450923,0.68657099
Johnson,8/5/2016,8,5,Long.LH,Long,ARNF,Forest Service,hypolimnion,NATURAL,40.07235747,-105.5923462,51,24,3.5,11.13,10,2.53,4.78,218,2016,1,3253,1,0.94,0.11,0.027,7,1.14,2.473,9.496,15.88,9.008,13.633434,0.32796891,1.1351902,21.6,1.136842105,3,51,0.293951502,0.194199504,0.198677322,0.00688895,0.288095894,6.89E-05,0.008611188,6.89E-05,0.001653348,0,-0.010402315,889.9680176,-0.031384299,0.028534707,73.03639984,208542.4181,1.25,163801,13.0638,0.2506,0.01918278,0.169767442,0.25503876,3.64,0.023374653,0.685450923,0.68657099
Johnson,7/11/2016,7,11,Long.LS,Long,ARNF,Forest Service,surface,NATURAL,40.07235747,-105.5923462,80.8,24,3.5,11.17,12,4.37,4.39,193,2016,0,3253,1,1.1,0.16,0.039,7,1.14,0,0,39.392,16.233002,12.441334,0.49194331,1.3833229,21.6,1.136842105,3,26,0.293951502,0.194199504,0.198677322,0.00688895,0.288095894,6.89E-05,0.008611188,6.89E-05,0.001653348,0,-0.010402315,889.9680176,-0.031384299,0.028534707,73.03639984,208542.4181,1.25,163801,13.0638,0.2506,0.01918278,0.169767442,0.25503876,3.64,0.023374653,0.685450923,0.68657099
Johnson,8/5/2016,8,5,Long.LS,Long,ARNF,Forest Service,surface,NATURAL,40.07235747,-105.5923462,42.4,24,3.5,12.23,12,2.12,3.14,218,2016,0,3253,1,0.87,0.06,0.023,7,1.14,2.473,9.496,15.88,9.008,13.633434,0.32796891,1.1351902,21.6,1.136842105,3,51,0.293951502,0.194199504,0.198677322,0.00688895,0.288095894,6.89E-05,0.008611188,6.89E-05,0.001653348,0,-0.010402315,889.9680176,-0.031384299,0.028534707,73.03639984,208542.4181,1.25,163801,13.0638,0.2506,0.01918278,0.169767442,0.25503876,3.64,0.023374653,0.685450923,0.68657099
Johnson,7/14/2016,7,14,Lost.LH,Lost,ARNF,Forest Service,hypolimnion,NATURAL,39.9496082,-105.6165114,46.8,25,3.5,6.69,36,6.21,8.05,196,2016,1,2987,1,2.65,0.17,0.002,4,0.34,0,0,22.196,14.709001,14.477034,0.44687809,1.3547657,14.5,1.18852459,-8,54,0.236111111,0.49537037,0.189814815,0,0,0.018518519,0,0,-0.018518519,0,0,230.1518555,0.030556839,0.108006835,41.1534729,198008.4124,9.98,20056.8,0.201047,0,0,0,0,2.82,0.024090302,0.677476282,0.671353641
Johnson,6/2/2016,6,2,Lost.LH,Lost,ARNF,Forest Service,hypolimnion,NATURAL,39.9496082,-105.6165114,114.4,25,3,8.58,42,6.25,3.1,154,2016,1,2987,1,1.95,0.16,0.009,4,0.34,0,8.388,60.514,7.98,5.4169,0.87648284,0.9084133,14.5,1.18852459,-8,12,0.236111111,0.49537037,0.189814815,0,0,0.018518519,0,0,-0.018518519,0,0,230.1518555,0.030556839,0.108006835,41.1534729,198008.4124,9.98,20056.8,0.201047,0,0,0,0,2.82,0.024090302,0.677476282,0.671353641
Johnson,6/2/2016,6,2,Lost.LS,Lost,ARNF,Forest Service,surface,NATURAL,39.9496082,-105.6165114,238.9,25,3,11.48,40,8.48,2.32,154,2016,0,2987,1,2.21,0.25,NA,4,0.34,0,8.388,60.514,7.98,5.4169,0.87648284,0.9084133,14.5,1.18852459,-8,12,0.236111111,0.49537037,0.189814815,0,0,0.018518519,0,0,-0.018518519,0,0,230.1518555,0.030556839,0.108006835,41.1534729,198008.4124,9.98,20056.8,0.201047,0,0,0,0,2.82,0.024090302,0.677476282,0.671353641
Johnson,7/14/2016,7,14,Lost.LS,Lost,ARNF,Forest Service,surface,NATURAL,39.9496082,-105.6165114,56.6,25,3.5,13.06,36,3.67,8.22,196,2016,0,2987,1,2.75,0.21,0.002,4,0.34,0,0,22.196,14.709001,14.477034,0.44687809,1.3547657,14.5,1.18852459,-8,54,0.236111111,0.49537037,0.189814815,0,0,0.018518519,0,0,-0.018518519,0,0,230.1518555,0.030556839,0.108006835,41.1534729,198008.4124,9.98,20056.8,0.201047,0,0,0,0,2.82,0.024090302,0.677476282,0.671353641
Johnson,6/16/2016,6,16,Lost.LH,Lost,ARNF,Forest Service,hypolimnion,NATURAL,39.9496082,-105.6165114,69.9,25,3.5,15.98,42,2.16,5.39,168,2016,1,2987,1,2.1,0.17,NA,3.5,0.34,0,9.962,30.123,13.553,8.882567,0.44687809,1.3547657,14.5,1.18852459,-8,26,0.236111111,0.49537037,0.189814815,0,0,0.018518519,0,0,-0.018518519,0,0,230.1518555,0.030556839,0.108006835,41.1534729,198008.4124,9.98,20056.8,0.201047,0,0,0,0,2.82,0.024090302,0.677476282,0.671353641
Johnson,6/16/2016,6,16,Lost.LS,Lost,ARNF,Forest Service,surface,NATURAL,39.9496082,-105.6165114,60.6,25,3.5,16.49,41,2.75,5.85,168,2016,0,2987,1,2.3,0.16,NA,3.5,0.34,0,9.962,30.123,13.553,8.882567,0.44687809,1.3547657,14.5,1.18852459,-8,26,0.236111111,0.49537037,0.189814815,0,0,0.018518519,0,0,-0.018518519,0,0,230.1518555,0.030556839,0.108006835,41.1534729,198008.4124,9.98,20056.8,0.201047,0,0,0,0,2.82,0.024090302,0.677476282,0.671353641
Kvincent,7/25/2016,7,25,Mills.LS,Mills,RMNP,National Park Service,surface,NATURAL,40.28959639,-105.6416667,139.6,26,3.25,15,NA,1.1,3.78,207,2016,0,3030,1,0.96,0.238,NA,8.4,0.69,0,7.9,22.798,14.332001,13.709667,0.36825343,1.1325533,18,0.967741935,-1,50,0.535233276,0.191532108,0.094575489,0.003497284,0.163479426,7.44E-05,0.006845747,0,0.000372051,0,-0.007292209,1317.167969,-0.004894778,0.0013446,81.19898224,187146.0816,0.48,57919.8,12.1011,0.19345,0.01598615,0.895953757,0.104046243,4.48,0.026398525,0.646682955,0.642030149
Kvincent,8/23/2016,8,23,Mills.LS,Mills,RMNP,National Park Service,surface,NATURAL,40.28959639,-105.6416667,166.4,26,3.75,19,NA,1.7,3.49,236,2016,0,3030,1,1.26,0.262,NA,8.4,0.69,0.364,17.001,37.853,13.484,12.908267,0.93718839,1.0060036,18,0.967741935,-1,79,0.535233276,0.191532108,0.094575489,0.003497284,0.163479426,7.44E-05,0.006845747,0,0.000372051,0,-0.007292209,1317.167969,-0.004894778,0.0013446,81.19898224,187146.0816,0.48,57919.8,12.1011,0.19345,0.01598615,0.895953757,0.104046243,4.48,0.026398525,0.646682955,0.642030149
Johnson,6/27/2016,6,27,Pear.LH,Pear,RMNP,National Park Service,hypolimnion,RESERVOIR,40.17674201,-105.6266999,98.7,28,4,5.5,23,7.01,3.82,179,2016,1,3226,0,2.37,0.17,0.029,16,0.37,0,8.017,31.483,12.420001,10.782367,0.51039407,1.4386929,4.5,0.97826087,11,85,0.358296623,0.263827704,0.147332354,0,0.202643172,0,0.017131669,0,0.007342144,0,-0.024473813,705.6936035,-0.030415088,0.053879455,74.16971588,212129.3336,3.51,64737.7,1.84394,0,0,0,0.951871658,3.35,0.023535931,0.690231946,0.698207787
Johnson,7/18/2016,7,18,Pear.LH,Pear,RMNP,National Park Service,hypolimnion,RESERVOIR,40.17674201,-105.6266999,102.7,28,4,5.59,12,5.86,4.1,200,2016,1,3226,0,2.3,0.19,0.02,16,0.37,0,0,27.111,13.997001,12.885767,0.26200209,1.1537489,4.5,0.97826087,11,106,0.358296623,0.263827704,0.147332354,0,0.202643172,0,0.017131669,0,0.007342144,0,-0.024473813,705.6936035,-0.030415088,0.053879455,74.16971588,212129.3336,3.51,64737.7,1.84394,0,0,0,0.951871658,3.35,0.023535931,0.690231946,0.698207787
Johnson,8/11/2016,8,11,Pear.LH,Pear,RMNP,National Park Service,hypolimnion,RESERVOIR,40.17674201,-105.6266999,116,28,3.5,5.77,13,20.2,4.78,224,2016,1,3226,0,2.31,0.25,0.009,16,0.37,1.644,18.717,29.211,12.722001,13.420967,0.26200209,1.1537489,4.5,0.97826087,11,130,0.358296623,0.263827704,0.147332354,0,0.202643172,0,0.017131669,0,0.007342144,0,-0.024473813,705.6936035,-0.030415088,0.053879455,74.16971588,212129.3336,3.51,64737.7,1.84394,0,0,0,0.951871658,3.35,0.023535931,0.690231946,0.698207787
Kvincent,8/29/2016,8,29,Pear.LS,Pear,RMNP,National Park Service,surface,NATURAL,40.17674201,-105.6266999,81.5,28,3.75,10.4,NA,1.7,6.42,242,2016,0,3225,1,3.07,0.236,0.025,11.3,0.37,1.221,17.908,64.564,9.464001,10.859734,1.02597431,0.9860853,4.5,0.97826087,11,148,0.358296623,0.263827704,0.147332354,0,0.202643172,0,0.017131669,0,0.007342144,0,-0.024473813,705.6936035,-0.030415088,0.053879455,74.16971588,212129.3336,3.51,64737.7,1.84394,0,0,0,0.951871658,3.35,0.023535931,0.690231946,0.698207787
Johnson,6/27/2016,6,27,Pear.LS,Pear,RMNP,National Park Service,surface,Reservoir,40.17674201,-105.6266999,104.3,28,4,12.35,8,3.21,4.25,179,2016,0,3226,0,2.32,0.2,0.021,16,0.37,0,8.017,31.483,12.420001,10.782367,0.51039407,1.4386929,4.5,0.97826087,11,85,0.358296623,0.263827704,0.147332354,0,0.202643172,0,0.017131669,0,0.007342144,0,-0.024473813,705.6936035,-0.030415088,0.053879455,74.16971588,212129.3336,3.51,64737.7,1.84394,0,0,0,0.951871658,3.35,0.023535931,0.690231946,0.698207787
Johnson,8/11/2016,8,11,Pear.LS,Pear,RMNP,National Park Service,surface,Reservoir,40.17674201,-105.6266999,231.8,28,3.5,13.13,9,23.27,3.73,224,2016,0,3226,0,2.77,0.39,0.003,16,0.37,1.644,18.717,29.211,12.722001,13.420967,0.26200209,1.1537489,4.5,0.97826087,11,130,0.358296623,0.263827704,0.147332354,0,0.202643172,0,0.017131669,0,0.007342144,0,-0.024473813,705.6936035,-0.030415088,0.053879455,74.16971588,212129.3336,3.51,64737.7,1.84394,0,0,0,0.951871658,3.35,0.023535931,0.690231946,0.698207787
Johnson,7/18/2016,7,18,Pear.LS,Pear,RMNP,National Park Service,surface,Reservoir,40.17674201,-105.6266999,100.5,28,4,13.61,8,2.86,3.09,200,2016,0,3226,0,2.03,0.14,0.007,16,0.37,0,0,27.111,13.997001,12.885767,0.26200209,1.1537489,4.5,0.97826087,11,106,0.358296623,0.263827704,0.147332354,0,0.202643172,0,0.017131669,0,0.007342144,0,-0.024473813,705.6936035,-0.030415088,0.053879455,74.16971588,212129.3336,3.51,64737.7,1.84394,0,0,0,0.951871658,3.35,0.023535931,0.690231946,0.698207787
Kvincent,7/19/2016,7,19,Pear.LS,Pear,RMNP,National Park Service,surface,NATURAL,40.17674201,-105.6266999,134.5,28,4.5,14,NA,1.1,4.22,201,2016,0,3225,1,1.5,0.256,NA,11.3,0.37,1.367,1.367,28.478,14.497001,12.931334,0.26200209,1.1537489,4.5,0.97826087,11,107,0.358296623,0.263827704,0.147332354,0,0.202643172,0,0.017131669,0,0.007342144,0,-0.024473813,705.6936035,-0.030415088,0.053879455,74.16971588,212129.3336,3.51,64737.7,1.84394,0,0,0,0.951871658,3.35,0.023535931,0.690231946,0.698207787
Johnson,7/20/2016,7,20,RedDeer.LH,RedDeer,ARNF,Forest Service,hypolimnion,RESERVOIR,40.1427426,-105.6100976,136.4,29,7.5,4.15,10,1.19,1.95,202,2016,1,3163,0,1.22,0.12,0.002,20,0.36,0.018,1.505,28.429,14.915001,12.440401,0.28962924,1.1555451,4.5,0.97826087,11,108,0.137640449,0.012172285,0.206928839,0.012172285,0.576779026,0.00093633,0.013108614,0,0,0,-0.014044944,620.6806641,0.066749492,0.013453636,55.7766037,207419.504,6.07,58557.3,0.964506,0,0,0,0.9375,3.57,0.023535931,0.688805847,0.698207787
Johnson,6/29/2016,6,29,RedDeer.LH,RedDeer,ARNF,Forest Service,hypolimnion,RESERVOIR,40.1427426,-105.6100976,162,29,4,4.2,9,1.8,2.19,181,2016,1,3163,0,1.37,0.16,0.038,20,0.36,0.014,6.226,34.076,13.070001,10.682401,0.5662738,1.4562588,4.5,0.97826087,11,87,0.137640449,0.012172285,0.206928839,0.012172285,0.576779026,0.00093633,0.013108614,0,0,0,-0.014044944,620.6806641,0.066749492,0.013453636,55.7766037,207419.504,6.07,58557.3,0.964506,0,0,0,0.9375,3.57,0.023535931,0.688805847,0.698207787
Johnson,8/3/2016,8,3,RedDeer.LH,RedDeer,ARNF,Forest Service,hypolimnion,RESERVOIR,40.1427426,-105.6100976,203.5,29,4.5,4.3,10,4.41,3.05,216,2016,1,3163,0,1.29,0.28,0.041,20,0.36,4.348,9.246,13.756,12.893001,13.311301,0.28962924,1.1555451,4.5,0.97826087,11,122,0.137640449,0.012172285,0.206928839,0.012172285,0.576779026,0.00093633,0.013108614,0,0,0,-0.014044944,620.6806641,0.066749492,0.013453636,55.7766037,207419.504,6.07,58557.3,0.964506,0,0,0,0.9375,3.57,0.023535931,0.688805847,0.698207787
Johnson,6/29/2016,6,29,RedDeer.LS,RedDeer,ARNF,Forest Service,surface,Reservoir,40.1427426,-105.6100976,100.5,29,4,10.11,9,6.04,3.09,181,2016,0,3163,0,1.37,0.14,0.024,20,0.36,0.014,6.226,34.076,13.070001,10.682401,0.5662738,1.4562588,4.5,0.97826087,11,87,0.137640449,0.012172285,0.206928839,0.012172285,0.576779026,0.00093633,0.013108614,0,0,0,-0.014044944,620.6806641,0.066749492,0.013453636,55.7766037,207419.504,6.07,58557.3,0.964506,0,0,0,0.9375,3.57,0.023535931,0.688805847,0.698207787
Johnson,7/20/2016,7,20,RedDeer.LS,RedDeer,ARNF,Forest Service,surface,Reservoir,40.1427426,-105.6100976,71.5,29,7.5,12.99,11,1.15,4.34,202,2016,0,3163,0,1.03,0.14,0.026,20,0.36,0.018,1.505,28.429,14.915001,12.440401,0.28962924,1.1555451,4.5,0.97826087,11,108,0.137640449,0.012172285,0.206928839,0.012172285,0.576779026,0.00093633,0.013108614,0,0,0,-0.014044944,620.6806641,0.066749492,0.013453636,55.7766037,207419.504,6.07,58557.3,0.964506,0,0,0,0.9375,3.57,0.023535931,0.688805847,0.698207787
Johnson,8/3/2016,8,3,RedDeer.LS,RedDeer,ARNF,Forest Service,surface,Reservoir,40.1427426,-105.6100976,121.5,29,4.5,13.69,10,4.42,2.19,216,2016,0,3163,0,1.1,0.12,0.005,20,0.36,4.348,9.246,13.756,12.893001,13.311301,0.28962924,1.1555451,4.5,0.97826087,11,122,0.137640449,0.012172285,0.206928839,0.012172285,0.576779026,0.00093633,0.013108614,0,0,0,-0.014044944,620.6806641,0.066749492,0.013453636,55.7766037,207419.504,6.07,58557.3,0.964506,0,0,0,0.9375,3.57,0.023535931,0.688805847,0.698207787
LVWS,9/22/2016,9,22,Sky.LH,SkyPond,RMNP,National Park Service,hypolimnion,NATURAL,40.27814,-105.66837,563.2,30,3.2,5.5,NA,6.26,1,266,2016,1,3322,1,0.29,0.254,0.271,7.2,0.15,0,0,31.354,8.947001,8.466967,0.29588339,1.3299074,18,0.967741935,-1,109,0.813545492,0,0.013871889,0,0.153406773,0,0.009383925,0,0,0,-0.009383925,696.7922363,0.001533721,0.015814093,82.01638794,171494.0177,1.87,41126,2.20429,0.14665,0.066529359,0.146118721,0.853881279,4.19,0.024967228,0.674908025,0.668038315
LVWS,9/22/2016,9,22,Sky.LS,SkyPond,RMNP,National Park Service,surface,NATURAL,40.27814,-105.66837,384.4,30,3.2,5.5,NA,6.08,1.54,266,2016,0,3322,1,0.33,0.267,0.245,7.2,0.15,0,0,31.354,8.947001,8.466967,0.29588339,1.3299074,18,0.967741935,-1,109,0.813545492,0,0.013871889,0,0.153406773,0,0.009383925,0,0,0,-0.009383925,696.7922363,0.001533721,0.015814093,82.01638794,171494.0177,1.87,41126,2.20429,0.14665,0.066529359,0.146118721,0.853881279,4.19,0.024967228,0.674908025,0.668038315
LVWS,6/23/2016,6,23,Sky.LH,SkyPond,RMNP,National Park Service,hypolimnion,NATURAL,40.27814,-105.66837,71.3,30,3,5.8,NA,4.05,11.2,175,2016,1,3322,1,0.72,0.36,0.315,7.2,0.15,3.892,4.707,29.339,12.441001,8.952467,0.36953063,1.4981743,18,0.967741935,-1,18,0.813545492,0,0.013871889,0,0.153406773,0,0.009383925,0,0,0,-0.009383925,696.7922363,0.001533721,0.015814093,82.01638794,171494.0177,1.87,41126,2.20429,0.14665,0.066529359,0.146118721,0.853881279,4.19,0.024967228,0.674908025,0.668038315
LVWS,6/23/2016,6,23,Sky.LS,SkyPond,RMNP,National Park Service,surface,NATURAL,40.27814,-105.66837,431.4,30,3,6.9,NA,4.21,1.84,175,2016,0,3322,1,0.72,0.358,0.306,7.2,0.15,3.892,4.707,29.339,12.441001,8.952467,0.36953063,1.4981743,18,0.967741935,-1,18,0.813545492,0,0.013871889,0,0.153406773,0,0.009383925,0,0,0,-0.009383925,696.7922363,0.001533721,0.015814093,82.01638794,171494.0177,1.87,41126,2.20429,0.14665,0.066529359,0.146118721,0.853881279,4.19,0.024967228,0.674908025,0.668038315
LVWS,8/13/2015,8,13,Sky.LH,SkyPond,RMNP,National Park Service,hypolimnion,NATURAL,40.27814,-105.66837,40.5,30,NA,7.1,9.3,5.95,8,225,2015,1,3322,1,0.58,0.146,0.084,7.2,0.15,0,2.08,8.85,13.434001,11.760967,1.14569635,1.0050633,17.7,0.951612903,-2,67,0.813545492,0,0.013871889,0,0.153406773,0,0.009383925,0,0,0,-0.009383925,696.7922363,0.001533721,0.015814093,82.01638794,171494.0177,1.87,41126,2.20429,0.14665,0.066529359,0.146118721,0.853881279,2.98,0.01661126,0.857312886,0.872759734
LVWS,8/11/2016,8,11,Sky.LH,SkyPond,RMNP,National Park Service,hypolimnion,NATURAL,40.27814,-105.66837,NA,30,2.8,8.5,NA,6.8,12.8,224,2016,1,3322,1,NA,NA,0.181,7.2,0.15,2.487,16.956,32.868,12.612,12.853334,0.37653261,1.1461791,18,0.967741935,-1,67,0.813545492,0,0.013871889,0,0.153406773,0,0.009383925,0,0,0,-0.009383925,696.7922363,0.001533721,0.015814093,82.01638794,171494.0177,1.87,41126,2.20429,0.14665,0.066529359,0.146118721,0.853881279,4.19,0.024967228,0.674908025,0.668038315
LVWS,7/28/2016,7,28,Sky.LH,SkyPond,RMNP,National Park Service,hypolimnion,NATURAL,40.27814,-105.66837,51.4,30,3,8.6,NA,4.49,10.4,210,2016,1,3322,1,0.4,0.241,0.179,7.2,0.15,0,2.411,25.173,13.687,12.586834,0.37653261,1.1461791,18,0.967741935,-1,53,0.813545492,0,0.013871889,0,0.153406773,0,0.009383925,0,0,0,-0.009383925,696.7922363,0.001533721,0.015814093,82.01638794,171494.0177,1.87,41126,2.20429,0.14665,0.066529359,0.146118721,0.853881279,4.19,0.024967228,0.674908025,0.668038315
LVWS,8/13/2015,8,13,Sky.LS,SkyPond,RMNP,National Park Service,surface,NATURAL,40.27814,-105.66837,285.4,30,2,8.7,9.2,11.24,0.94,225,2015,0,3322,1,0.43,0.121,0.085,7.2,0.15,0,2.08,8.85,13.434001,11.760967,1.14569635,1.0050633,17.7,0.951612903,-2,67,0.813545492,0,0.013871889,0,0.153406773,0,0.009383925,0,0,0,-0.009383925,696.7922363,0.001533721,0.015814093,82.01638794,171494.0177,1.87,41126,2.20429,0.14665,0.066529359,0.146118721,0.853881279,2.98,0.01661126,0.857312886,0.872759734
LVWS,8/11/2016,8,11,Sky.LS,SkyPond,RMNP,National Park Service,surface,NATURAL,40.27814,-105.66837,395.2,30,2.8,8.9,10.36,6.71,1.24,224,2016,0,3322,1,0.31,0.221,0.165,7.2,0.15,2.487,16.956,32.868,12.612,12.853334,0.37653261,1.1461791,18,0.967741935,-1,67,0.813545492,0,0.013871889,0,0.153406773,0,0.009383925,0,0,0,-0.009383925,696.7922363,0.001533721,0.015814093,82.01638794,171494.0177,1.87,41126,2.20429,0.14665,0.066529359,0.146118721,0.853881279,4.19,0.024967228,0.674908025,0.668038315
LVWS,7/28/2016,7,28,Sky.LS,SkyPond,RMNP,National Park Service,surface,NATURAL,40.27814,-105.66837,217.9,30,3,9.8,9.6,5.46,2.3,210,2016,0,3322,1,0.46,0.226,0.169,7.2,0.15,0,2.411,25.173,13.687,12.586834,0.37653261,1.1461791,18,0.967741935,-1,53,0.813545492,0,0.013871889,0,0.153406773,0,0.009383925,0,0,0,-0.009383925,696.7922363,0.001533721,0.015814093,82.01638794,171494.0177,1.87,41126,2.20429,0.14665,0.066529359,0.146118721,0.853881279,4.19,0.024967228,0.674908025,0.668038315
LVWS,7/16/2015,7,16,Sky.LS,SkyPond,RMNP,National Park Service,surface,NATURAL,40.27814,-105.66837,335,30,NA,NA,NA,2.89,1.39,197,2015,0,3322,1,0.41,0.21,0.171,7.2,0.15,1.4,10.17,82.311,10.214001,11.427201,1.14569635,1.0050633,17.7,0.951612903,-2,39,0.813545492,0,0.013871889,0,0.153406773,0,0.009383925,0,0,0,-0.009383925,696.7922363,0.001533721,0.015814093,82.01638794,171494.0177,1.87,41126,2.20429,0.14665,0.066529359,0.146118721,0.853881279,2.98,0.01661126,0.857312886,0.872759734
LVWS,7/16/2015,7,16,Sky.LH,SkyPond,RMNP,National Park Service,hypolimnion,NATURAL,40.27814,-105.66837,48.7,30,NA,NA,NA,3.96,9.6,197,2015,1,3322,1,0.43,0.211,0.17,7.2,0.15,1.4,10.17,82.311,10.214001,11.427201,1.14569635,1.0050633,17.7,0.951612903,-2,39,0.813545492,0,0.013871889,0,0.153406773,0,0.009383925,0,0,0,-0.009383925,696.7922363,0.001533721,0.015814093,82.01638794,171494.0177,1.87,41126,2.20429,0.14665,0.066529359,0.146118721,0.853881279,2.98,0.01661126,0.857312886,0.872759734
Johnson,7/13/2016,7,13,Snowbank.LH,Snowbank,RMNP,National Park Service,hypolimnion,NATURAL,40.2402564,-105.6452849,191.1,31,3.5,7.82,6,3.7,2.32,195,2016,1,3512,0,0.71,0.2,0.07,7.5,0.21,0,0,31.505,8.29,9.839834,0.3698434,1.7119119,4.5,0.97826087,11,101,0.450573457,0,0.166029492,0,0.36919716,0,0.00054615,0,0,0,-0.00054615,613.6132813,-0.041179468,-0.035433985,72.26136017,213636.1486,1.77,29216.5,1.64829,0.003075,0.00186557,0.592592593,0.216049383,4.66,0.024967228,0.67367645,0.668038315
Kvincent,7/11/2016,7,11,Snowbank.LS,Snowbank,RMNP,National Park Service,surface,NATURAL,40.2402564,-105.6452849,122.1,31,4,8.2,NA,1.8,3.34,193,2016,0,3512,0,1.38,0.184,0.126,8.5,0.21,0,0.33,33.666,13.341001,9.946601,0.3698434,1.7119119,4.5,0.97826087,11,99,0.450573457,0,0.166029492,0,0.36919716,0,0.00054615,0,0,0,-0.00054615,613.6132813,-0.041179468,-0.035433985,72.26136017,213636.1486,1.77,29216.5,1.64829,0.003075,0.00186557,0.592592593,0.216049383,4.66,0.024967228,0.67367645,0.668038315
Johnson,7/13/2016,7,13,Snowbank.LS,Snowbank,RMNP,National Park Service,surface,NATURAL,40.2402564,-105.6452849,198.9,31,3.5,8.33,7,5.6,2.23,195,2016,0,3512,0,0.74,0.2,0.069,7.5,0.21,0,0,31.505,8.29,9.839834,0.3698434,1.7119119,4.5,0.97826087,11,101,0.450573457,0,0.166029492,0,0.36919716,0,0.00054615,0,0,0,-0.00054615,613.6132813,-0.041179468,-0.035433985,72.26136017,213636.1486,1.77,29216.5,1.64829,0.003075,0.00186557,0.592592593,0.216049383,4.66,0.024967228,0.67367645,0.668038315
Johnson,7/27/2016,7,27,Snowbank.LH,Snowbank,RMNP,National Park Service,hypolimnion,NATURAL,40.2402564,-105.6452849,475.1,31,4,10.53,7,5.5,0.84,209,2016,1,3512,0,0.64,0.18,0.07,7.5,0.21,0,4.132,22.272,11.828001,10.546467,0.24848526,1.1961268,4.5,0.97826087,11,115,0.450573457,0,0.166029492,0,0.36919716,0,0.00054615,0,0,0,-0.00054615,613.6132813,-0.041179468,-0.035433985,72.26136017,213636.1486,1.77,29216.5,1.64829,0.003075,0.00186557,0.592592593,0.216049383,4.66,0.024967228,0.67367645,0.668038315
Kvincent,8/15/2016,8,15,Snowbank.LS,Snowbank,RMNP,National Park Service,surface,NATURAL,40.2402564,-105.6452849,77.2,31,4.5,10.9,NA,0.6,5.83,228,2016,0,3512,0,0.55,0.203,0.124,8.5,0.21,0,6.24,37.55,8.673,10.728301,1.09242347,1.0032176,4.5,0.97826087,11,134,0.450573457,0,0.166029492,0,0.36919716,0,0.00054615,0,0,0,-0.00054615,613.6132813,-0.041179468,-0.035433985,72.26136017,213636.1486,1.77,29216.5,1.64829,0.003075,0.00186557,0.592592593,0.216049383,4.66,0.024967228,0.67367645,0.668038315
Johnson,8/10/2016,8,10,Snowbank.LH,Snowbank,RMNP,National Park Service,hypolimnion,NATURAL,40.2402564,-105.6452849,63.5,31,6.5,11.01,14,6.95,6.98,223,2016,1,3512,0,0.82,0.2,0.066,7.5,0.21,2.316,20.999,33.65,11.485001,10.753101,0.24848526,1.1961268,4.5,0.97826087,11,129,0.450573457,0,0.166029492,0,0.36919716,0,0.00054615,0,0,0,-0.00054615,613.6132813,-0.041179468,-0.035433985,72.26136017,213636.1486,1.77,29216.5,1.64829,0.003075,0.00186557,0.592592593,0.216049383,4.66,0.024967228,0.67367645,0.668038315
Johnson,8/10/2016,8,10,Snowbank.LS,Snowbank,RMNP,National Park Service,surface,NATURAL,40.2402564,-105.6452849,776,31,6.5,11.12,7,2.07,0.8,223,2016,0,3512,0,0.94,0.28,0.071,7.5,0.21,2.316,20.999,33.65,11.485001,10.753101,0.24848526,1.1961268,4.5,0.97826087,11,129,0.450573457,0,0.166029492,0,0.36919716,0,0.00054615,0,0,0,-0.00054615,613.6132813,-0.041179468,-0.035433985,72.26136017,213636.1486,1.77,29216.5,1.64829,0.003075,0.00186557,0.592592593,0.216049383,4.66,0.024967228,0.67367645,0.668038315
Johnson,7/27/2016,7,27,Snowbank.LS,Snowbank,RMNP,National Park Service,surface,NATURAL,40.2402564,-105.6452849,163.6,31,4,11.44,8,4.32,2.44,209,2016,0,3512,0,0.75,0.18,0.071,7.5,0.21,0,4.132,22.272,11.828001,10.546467,0.24848526,1.1961268,4.5,0.97826087,11,115,0.450573457,0,0.166029492,0,0.36919716,0,0.00054615,0,0,0,-0.00054615,613.6132813,-0.041179468,-0.035433985,72.26136017,213636.1486,1.77,29216.5,1.64829,0.003075,0.00186557,0.592592593,0.216049383,4.66,0.024967228,0.67367645,0.668038315
LVWS,5/31/2016,5,31,Loch.LS,TheLoch,RMNP,National Park Service,surface,NATURAL,40.2926,-105.65627,444.8,32,4.7,3.2,15.7,0.33,1.69,152,2016,0,3048,1,2.83,0.339,0.172,5,0.37,0.556,9.75,114.899,6.141,2.403333,1.20822688,0.855079,18,0.967741935,-1,-5,0.704648074,0.077689243,0.063612218,0.002257636,0.135723772,0,0.004515272,0.002124834,-0.000664011,0,-0.005976096,902.5314941,-0.003156732,0.023514491,82.01638794,180812.1925,0.78,52731.4,6.77298,0.190325,0.028100629,0.066273932,0.933726068,4.24,0.025682877,0.661675182,0.6545698
LVWS,5/31/2016,5,31,Loch.LH,TheLoch,RMNP,National Park Service,hypolimnion,NATURAL,40.2926,-105.65627,157.5,32,4.7,3.2,15.7,0.64,4.8,152,2016,1,3048,1,2.8,0.341,0.183,5,0.37,0.556,9.75,114.899,6.141,2.403333,1.20822688,0.855079,18,0.967741935,-1,-5,0.704648074,0.077689243,0.063612218,0.002257636,0.135723772,0,0.004515272,0.002124834,-0.000664011,0,-0.005976096,902.5314941,-0.003156732,0.023514491,82.01638794,180812.1925,0.78,52731.4,6.77298,0.190325,0.028100629,0.066273932,0.933726068,4.24,0.025682877,0.661675182,0.6545698
LVWS,6/28/2016,6,28,Loch.LH,TheLoch,RMNP,National Park Service,hypolimnion,NATURAL,40.2926,-105.65627,81.8,32,4.7,7.3,12.2,3.15,8,180,2016,1,3048,1,1.12,0.295,0.242,5,0.37,0,6.51,22.763,12.246,10.566167,0.36953063,1.4981743,18,0.967741935,-1,23,0.704648074,0.077689243,0.063612218,0.002257636,0.135723772,0,0.004515272,0.002124834,-0.000664011,0,-0.005976096,902.5314941,-0.003156732,0.023514491,82.01638794,180812.1925,0.78,52731.4,6.77298,0.190325,0.028100629,0.066273932,0.933726068,4.24,0.025682877,0.661675182,0.6545698
LVWS,7/28/2015,7,28,Loch.LH,TheLoch,RMNP,National Park Service,hypolimnion,NATURAL,40.2926,-105.65627,82.8,32,NA,8.9,10.2,1.57,7.2,209,2015,1,3048,1,0.79,0.269,0.109,5,0.37,0,1.73,75.516,13.584001,11.196601,1.14569635,1.0050633,17.7,0.951612903,-2,51,0.704648074,0.077689243,0.063612218,0.002257636,0.135723772,0,0.004515272,0.002124834,-0.000664011,0,-0.005976096,902.5314941,-0.003156732,0.023514491,82.01638794,180812.1925,0.78,52731.4,6.77298,0.190325,0.028100629,0.066273932,0.933726068,2.83,0.01661126,0.856528127,0.872759734
LVWS,8/11/2015,8,11,Loch.LH,TheLoch,RMNP,National Park Service,hypolimnion,NATURAL,40.2926,-105.65627,50.2,32,3.9,9,10.9,2.29,7.2,223,2015,1,3048,1,0.58,0.163,0.12,5,0.37,0,1.39,9.58,11.095,11.714967,1.14569635,1.0050633,17.7,0.951612903,-2,65,0.704648074,0.077689243,0.063612218,0.002257636,0.135723772,0,0.004515272,0.002124834,-0.000664011,0,-0.005976096,902.5314941,-0.003156732,0.023514491,82.01638794,180812.1925,0.78,52731.4,6.77298,0.190325,0.028100629,0.066273932,0.933726068,2.83,0.01661126,0.856528127,0.872759734
LVWS,9/20/2016,9,20,Loch.LH,TheLoch,RMNP,National Park Service,hypolimnion,NATURAL,40.2926,-105.65627,81.4,32,4,9,NA,2.91,6.4,264,2016,1,3048,1,0.64,0.235,0.187,5,0.37,0,1.166,31.747,11.911,8.572767,0.29588339,1.3299074,18,0.967741935,-1,107,0.704648074,0.077689243,0.063612218,0.002257636,0.135723772,0,0.004515272,0.002124834,-0.000664011,0,-0.005976096,902.5314941,-0.003156732,0.023514491,82.01638794,180812.1925,0.78,52731.4,6.77298,0.190325,0.028100629,0.066273932,0.933726068,4.24,0.025682877,0.661675182,0.6545698
LVWS,9/20/2016,9,20,Loch.LS,TheLoch,RMNP,National Park Service,surface,NATURAL,40.2926,-105.65627,226.5,32,4,9.7,NA,2.84,2.3,264,2016,0,3048,1,0.62,0.235,0.194,5,0.37,0,1.166,31.747,11.911,8.572767,0.29588339,1.3299074,18,0.967741935,-1,107,0.704648074,0.077689243,0.063612218,0.002257636,0.135723772,0,0.004515272,0.002124834,-0.000664011,0,-0.005976096,902.5314941,-0.003156732,0.023514491,82.01638794,180812.1925,0.78,52731.4,6.77298,0.190325,0.028100629,0.066273932,0.933726068,4.24,0.025682877,0.661675182,0.6545698
LVWS,6/28/2016,6,28,Loch.LS,TheLoch,RMNP,National Park Service,surface,NATURAL,40.2926,-105.65627,375.2,32,4.7,9.9,11.7,1.82,1.69,180,2016,0,3048,1,1.17,0.286,0.222,5,0.37,0,6.51,22.763,12.246,10.566167,0.36953063,1.4981743,18,0.967741935,-1,23,0.704648074,0.077689243,0.063612218,0.002257636,0.135723772,0,0.004515272,0.002124834,-0.000664011,0,-0.005976096,902.5314941,-0.003156732,0.023514491,82.01638794,180812.1925,0.78,52731.4,6.77298,0.190325,0.028100629,0.066273932,0.933726068,4.24,0.025682877,0.661675182,0.6545698
LVWS,7/28/2015,7,28,Loch.LS,TheLoch,RMNP,National Park Service,surface,NATURAL,40.2926,-105.65627,159.3,32,NA,10,10.5,1.57,2.45,209,2015,0,3048,1,0.77,0.176,0.112,5,0.37,0,1.73,75.516,13.584001,11.196601,1.14569635,1.0050633,17.7,0.951612903,-2,51,0.704648074,0.077689243,0.063612218,0.002257636,0.135723772,0,0.004515272,0.002124834,-0.000664011,0,-0.005976096,902.5314941,-0.003156732,0.023514491,82.01638794,180812.1925,0.78,52731.4,6.77298,0.190325,0.028100629,0.066273932,0.933726068,2.83,0.01661126,0.856528127,0.872759734
LVWS,8/16/2016,8,16,Loch.LH,TheLoch,RMNP,National Park Service,hypolimnion,NATURAL,40.2926,-105.65627,47.7,32,4.1,10.1,NA,5.95,12,229,2016,1,3048,1,0.59,0.258,0.182,5,0.37,0,5.62,34.178,11.456,12.626834,1.01177768,1.0055781,18,0.967741935,-1,72,0.704648074,0.077689243,0.063612218,0.002257636,0.135723772,0,0.004515272,0.002124834,-0.000664011,0,-0.005976096,902.5314941,-0.003156732,0.023514491,82.01638794,180812.1925,0.78,52731.4,6.77298,0.190325,0.028100629,0.066273932,0.933726068,4.24,0.025682877,0.661675182,0.6545698
LVWS,7/5/2016,7,5,Loch.LH,TheLoch,RMNP,National Park Service,hypolimnion,NATURAL,40.2926,-105.65627,86.5,32,NA,11,NA,2.46,7.2,187,2016,1,3048,1,1,0.281,0.219,5,0.37,1.267,15.658,37.865,12.76,11.633434,0.36953063,1.4981743,18,0.967741935,-1,30,0.704648074,0.077689243,0.063612218,0.002257636,0.135723772,0,0.004515272,0.002124834,-0.000664011,0,-0.005976096,902.5314941,-0.003156732,0.023514491,82.01638794,180812.1925,0.78,52731.4,6.77298,0.190325,0.028100629,0.066273932,0.933726068,4.24,0.025682877,0.661675182,0.6545698
LVWS,8/11/2015,8,11,Loch.LS,TheLoch,RMNP,National Park Service,surface,NATURAL,40.2926,-105.65627,231.3,32,3.9,11.7,NA,1.36,1.39,223,2015,0,3048,1,0.63,0.145,0.084,5,0.37,0,1.39,9.58,11.095,11.714967,1.14569635,1.0050633,17.7,0.951612903,-2,65,0.704648074,0.077689243,0.063612218,0.002257636,0.135723772,0,0.004515272,0.002124834,-0.000664011,0,-0.005976096,902.5314941,-0.003156732,0.023514491,82.01638794,180812.1925,0.78,52731.4,6.77298,0.190325,0.028100629,0.066273932,0.933726068,2.83,0.01661126,0.856528127,0.872759734
LVWS,7/5/2016,7,5,Loch.LS,TheLoch,RMNP,National Park Service,surface,NATURAL,40.2926,-105.65627,520.7,32,NA,13.1,NA,2.25,1.09,187,2016,0,3048,1,0.87,0.256,0.218,5,0.37,1.267,15.658,37.865,12.76,11.633434,0.36953063,1.4981743,18,0.967741935,-1,30,0.704648074,0.077689243,0.063612218,0.002257636,0.135723772,0,0.004515272,0.002124834,-0.000664011,0,-0.005976096,902.5314941,-0.003156732,0.023514491,82.01638794,180812.1925,0.78,52731.4,6.77298,0.190325,0.028100629,0.066273932,0.933726068,4.24,0.025682877,0.661675182,0.6545698
LVWS,8/16/2016,8,16,Loch.LS,TheLoch,RMNP,National Park Service,surface,NATURAL,40.2926,-105.65627,172.3,32,4.1,13.9,11.85,3.24,2.6,229,2016,0,3048,1,0.63,0.202,0.13,5,0.37,0,5.62,34.178,11.456,12.626834,1.01177768,1.0055781,18,0.967741935,-1,72,0.704648074,0.077689243,0.063612218,0.002257636,0.135723772,0,0.004515272,0.002124834,-0.000664011,0,-0.005976096,902.5314941,-0.003156732,0.023514491,82.01638794,180812.1925,0.78,52731.4,6.77298,0.190325,0.028100629,0.066273932,0.933726068,4.24,0.025682877,0.661675182,0.6545698
Kvincent,7/12/2016,7,12,Thunder.LS,Thunder,RMNP,National Park Service,surface,NATURAL,40.22220444,-105.6472222,159.5,33,3.75,9.2,NA,2.4,3.78,194,2016,0,3225,1,0.93,0.272,0.247,16.2,0.35,0,0.142,35.638,8.545,10.850034,0.40112494,1.5742576,4.5,0.97826087,11,100,0.374363582,0.119496855,0.115303983,0,0.369871219,0.000299491,0.0032944,0,0,0,-0.00359389,720.6572266,0.012270279,0.02913759,77.70629883,196561.5263,1.99,59831.1,3.00307,0.01545,0.005144735,0.049833887,0.641196013,4.05,0.023535931,0.69556472,0.698207787
Kvincent,8/15/2016,8,15,Thunder.LS,Thunder,RMNP,National Park Service,surface,NATURAL,40.22220444,-105.6472222,148.7,33,2.75,12.2,NA,8.6,3.49,228,2016,0,3225,1,0.64,0.234,0.048,16.2,0.35,0,5.092,34.125,9.900001,11.679334,0.97384702,0.9965754,4.5,0.97826087,11,134,0.374363582,0.119496855,0.115303983,0,0.369871219,0.000299491,0.0032944,0,0,0,-0.00359389,720.6572266,0.012270279,0.02913759,77.70629883,196561.5263,1.99,59831.1,3.00307,0.01545,0.005144735,0.049833887,0.641196013,4.05,0.023535931,0.69556472,0.698207787
Johnson,6/30/2016,6,30,UpperDiamond.LH,UpperDiamond,ARNF,Forest Service,hypolimnion,NATURAL,39.98829223,-105.6612039,200.6,36,3,4.06,16,0.97,1.99,182,2016,1,3463,1,0.49,0.18,0.111,3,0.12,0.73,3.004,24.92,12.104,10.36847,0.4227481,1.522115,14.5,1.18852459,-8,40,0.366120219,0,0.032786885,0,0.601092896,0,0.021857923,0,0,0,-0.021857923,281.574707,0.118342981,0.060804093,58.67980194,203214.4269,0.97,3208.6,0.330738,0.033925,0.102573638,0.882352941,0.117647059,3.3,0.023374653,0.691959174,0.68657099
Johnson,7/21/2016,7,21,UpperDiamond.LH,UpperDiamond,ARNF,Forest Service,hypolimnion,NATURAL,39.98829223,-105.6612039,82.4,36,3,4.06,16,3.16,2.96,203,2016,1,3463,1,1.27,0.11,0.086,3.5,0.12,3.337,11.991,37.981,13.352,11.896601,0.40898932,1.1801767,14.5,1.18852459,-8,61,0.366120219,0,0.032786885,0,0.601092896,0,0.021857923,0,0,0,-0.021857923,281.574707,0.118342981,0.060804093,58.67980194,203214.4269,0.97,3208.6,0.330738,0.033925,0.102573638,0.882352941,0.117647059,3.3,0.023374653,0.691959174,0.68657099
Johnson,6/30/2016,6,30,UpperDiamond.LS,UpperDiamond,ARNF,Forest Service,surface,NATURAL,39.98829223,-105.6612039,134.8,36,3,5.09,17,0.42,2.96,182,2016,0,3463,1,0.57,0.18,0.106,3,0.12,0.73,3.004,24.92,12.104,10.36847,0.4227481,1.522115,14.5,1.18852459,-8,40,0.366120219,0,0.032786885,0,0.601092896,0,0.021857923,0,0,0,-0.021857923,281.574707,0.118342981,0.060804093,58.67980194,203214.4269,0.97,3208.6,0.330738,0.033925,0.102573638,0.882352941,0.117647059,3.3,0.023374653,0.691959174,0.68657099
Johnson,7/21/2016,7,21,UpperDiamond.LS,UpperDiamond,ARNF,Forest Service,surface,NATURAL,39.98829223,-105.6612039,68.9,36,3,5.09,17,1.02,3.54,203,2016,0,3463,1,0.52,0.11,0.08,3.5,0.12,3.337,11.991,37.981,13.352,11.896601,0.40898932,1.1801767,14.5,1.18852459,-8,61,0.366120219,0,0.032786885,0,0.601092896,0,0.021857923,0,0,0,-0.021857923,281.574707,0.118342981,0.060804093,58.67980194,203214.4269,0.97,3208.6,0.330738,0.033925,0.102573638,0.882352941,0.117647059,3.3,0.023374653,0.691959174,0.68657099
Johnson,8/1/2016,8,1,UpperDiamond.LH,UpperDiamond,ARNF,Forest Service,hypolimnion,NATURAL,39.98829223,-105.6612039,80.9,36,3.5,6.39,22,8.26,2.74,214,2016,1,3463,1,0.62,0.1,0.056,3.5,0.12,6.926,7.748,27.45,12.461,12.451101,0.40898932,1.1801767,14.5,1.18852459,-8,72,0.366120219,0,0.032786885,0,0.601092896,0,0.021857923,0,0,0,-0.021857923,281.574707,0.118342981,0.060804093,58.67980194,203214.4269,0.97,3208.6,0.330738,0.033925,0.102573638,0.882352941,0.117647059,3.3,0.023374653,0.691959174,0.68657099
Johnson,8/1/2016,8,1,UpperDiamond.LS,UpperDiamond,ARNF,Forest Service,surface,NATURAL,39.98829223,-105.6612039,202.7,36,3.5,8.75,21,4.02,3.5,214,2016,0,3463,1,0.79,0.32,0.071,3.5,0.12,6.926,7.748,27.45,12.461,12.451101,0.40898932,1.1801767,14.5,1.18852459,-8,72,0.366120219,0,0.032786885,0,0.601092896,0,0.021857923,0,0,0,-0.021857923,281.574707,0.118342981,0.060804093,58.67980194,203214.4269,0.97,3208.6,0.330738,0.033925,0.102573638,0.882352941,0.117647059,3.3,0.023374653,0.691959174,0.68657099
Kvincent,7/18/2016,7,18,UpperHutch.LS,UpperHutchenson,RMNP,National Park Service,surface,NATURAL,40.17384306,-105.6477778,80.5,37,NA,9,NA,0.6,7,200,2016,0,3412,0,0.56,0.254,NA,3.6,0.2,0,0,28.789,12.200001,10.8805,0.23120234,1.191947,4.5,0.97826087,11,106,0.568196939,0,0.055222888,0.001996008,0.366600133,0,0.017298736,0,0,0.001996008,-0.019294744,604.090332,0.017163433,0.012089208,80.48841095,200381.949,0.97,26380,2.70576,0.20885,0.077187186,0,1,3.72,0.022659005,0.713233544,0.703056452
Kvincent,8/28/2016,8,28,UpperHutch.LS,UpperHutchenson,RMNP,National Park Service,surface,NATURAL,40.17384306,-105.6477778,62.3,37,NA,9.6,NA,3.3,3.63,241,2016,0,3412,0,1.29,0.102,0.025,3.6,0.2,0,22.337,83.937,7.3,9.039467,1.02434846,1.0047102,4.5,0.97826087,11,147,0.568196939,0,0.055222888,0.001996008,0.366600133,0,0.017298736,0,0,0.001996008,-0.019294744,604.090332,0.017163433,0.012089208,80.48841095,200381.949,0.97,26380,2.70576,0.20885,0.077187186,0,1,3.72,0.022659005,0.713233544,0.703056452
Johnson,7/5/2016,7,5,Yankee.LH,YankeeDoodle,ARNF,Forest Service,hypolimnion,RESERVOIR,39.93752202,-105.653801,18.1,40,3,6.96,12,10.63,7.37,187,2016,1,3261,1,0.58,0.06,NA,7.5,0.28,0.361,18.935,41.341,12.658001,11.612967,0.4215801,1.4531127,14.5,1.18852459,-8,45,0.048717949,0.120512821,0.338461538,0,0.448717949,0.002564103,-0.002564103,0,0.017948718,0,-0.035897436,307.7990723,0.047050585,-0.009484086,52.33001709,214980.6944,3.98,13849.3,0.348152,0,0,0,1,2.96,0.023535931,0.682255888,0.698207787
Johnson,7/5/2016,7,5,Yankee.LS,YankeeDoodle,ARNF,Forest Service,surface,Reservoir,39.93752202,-105.653801,36.5,40,3,9.36,10,2.08,4.25,187,2016,0,3261,1,0.81,0.07,NA,7.5,0.28,0.361,18.935,41.341,12.658001,11.612967,0.4215801,1.4531127,14.5,1.18852459,-8,45,0.048717949,0.120512821,0.338461538,0,0.448717949,0.002564103,-0.002564103,0,0.017948718,0,-0.035897436,307.7990723,0.047050585,-0.009484086,52.33001709,214980.6944,3.98,13849.3,0.348152,0,0,0,1,2.96,0.023535931,0.682255888,0.698207787
Johnson,7/29/2016,7,29,Yankee.LH,YankeeDoodle,ARNF,Forest Service,hypolimnion,RESERVOIR,39.93752202,-105.653801,19.7,40,3,9.84,16,6.43,7.88,211,2016,1,3261,1,0.82,0.07,NA,7.5,0.28,0,0,39.809,13.934001,12.902734,0.53676102,1.1579426,14.5,1.18852459,-8,69,0.048717949,0.120512821,0.338461538,0,0.448717949,0.002564103,-0.002564103,0,0.017948718,0,-0.035897436,307.7990723,0.047050585,-0.009484086,52.33001709,214980.6944,3.98,13849.3,0.348152,0,0,0,1,2.96,0.023535931,0.682255888,0.698207787
Johnson,7/29/2016,7,29,Yankee.LS,YankeeDoodle,ARNF,Forest Service,surface,Reservoir,39.93752202,-105.653801,18.6,40,3,14.92,11,7.57,4.78,211,2016,0,3261,1,0.61,0.04,NA,7.5,0.28,0,0,39.809,13.934001,12.902734,0.53676102,1.1579426,14.5,1.18852459,-8,69,0.048717949,0.120512821,0.338461538,0,0.448717949,0.002564103,-0.002564103,0,0.017948718,0,-0.035897436,307.7990723,0.047050585,-0.009484086,52.33001709,214980.6944,3.98,13849.3,0.348152,0,0,0,1,2.96,0.023535931,0.682255888,0.698207787
