dataset_ID,date_sampled,month,day,site_ID,name,region,ownership,site_type,lake_origin,LAT_DD,LON_DD,lake_ID_num,NtoP,secchi,TEMP,COND,chl_a,TDP_P,Ordinal_date,year,site_type_num,elevation_m,FISH,DOC,TDN,NO3_N,max_depth_m,TOC,ppt_day,ppt_week,ppt_month,tmean_day,tmean_month,ppt_percent_normal,tmean_percent_normal,Max_SWE,SWE_pernorm,Difference_SnowFree,growing_season,barren2011,forest2011,shrub2011,wetland2011,snow2011,water1992to2011,barren1992to2011,forest1992to2011,shrub1992to2011,wetland1992to2011,snow1992to2011,elevRANGE,northMEAN,eastMEAN,slopeMAX,radSUM,lake_perc_area,lake_surface_area_m2,WS_area_km2,rglac_km2,rglacPCT,GRANITE_PCT,BIOTITE_GNEISS_PCT,ndepload,ndepconc,no3_nh4_load,no3_nh4_conc
NiwotLTER,7/17/2014,7,17,GL4.LH,GL4,Green Lakes Valley,City of Boulder Watershed,hypolimnion,NATURAL,40.0553889,-105.6203417,15,141.9,2.5,5.75,12.92,2.42,2.5,198,2014,1,3550,0,0.37,0.16,0.147,13,0.38,8.14,26.99,45.68,6.57,8.673833,1.2225048,1.061735,28.4,1.494736842,-4,24,0.60375051,0,0.066041582,0.002853649,0.316754994,0.001630656,0.023644517,0,0,0,-0.025275173,520.6628418,0.026883813,0.007687487,67.24014282,205694.3704,1.87,41311.8,2.20791,0.03495,0.01582945,0.3,0.695238095,5.95,0.025451061,0.687348405,0.700362749
NiwotLTER,7/14/2015,7,14,GL4.LH,GL4,Green Lakes Valley,City of Boulder Watershed,hypolimnion,NATURAL,40.0553889,-105.6203417,15,128.6,4.5,6.43,12.99,10.47,4,195,2015,1,3550,0,0.61,0.232,0.183,13,0.38,5.07,39.06,94.367,9.115001,9.439367,1.116701,1.3510102,21.8,1.147368421,-6,19,0.60375051,0,0.066041582,0.002853649,0.316754994,0.001630656,0.023644517,0,0,0,-0.025275173,520.6628418,0.026883813,0.007687487,67.24014282,205694.3704,1.87,41311.8,2.20791,0.03495,0.01582945,0.3,0.695238095,2.8,0.017488187,0.869757867,0.855646798
NiwotLTER,9/16/2011,9,16,GL4.LH,GL4,Green Lakes Valley,City of Boulder Watershed,hypolimnion,NATURAL,40.0553889,-105.6203417,15,68.5,NA,6.6,14.59,0.13,4.21,259,2011,1,3561,0,0.298,0.13,0.073,13.1,0.38,7.51,20.47,70,0.905,7.920667,0.89803988,1.1786493,29.4,1.547368421,-16,73,0.60375051,0,0.066041582,0.002853649,0.316754994,0.001630656,0.023644517,0,0,0,-0.025275173,520.6628418,0.026883813,0.007687487,67.24014282,205694.3704,1.87,41311.8,2.20791,0.03495,0.01582945,0.3,0.695238095,3.56,0.018869147,0.02300331,1.127314656
NiwotLTER,7/24/2008,7,24,GL4.LH,GL4,Green Lakes Valley,City of Boulder Watershed,hypolimnion,NATURAL,40.0553889,-105.6203417,15,62.1,NA,6.9,15.26,1.54,8.21,206,2008,1,3561,0,0.636,0.23,0.164,13.1,0.38,9.02,12.73,24.97,11.645,10.192,0.40420123,1.1357104,18.2,0.957894737,-5,31,0.60375051,0,0.066041582,0.002853649,0.316754994,0.001630656,0.023644517,0,0,0,-0.025275173,520.6628418,0.026883813,0.007687487,67.24014282,205694.3704,1.87,41311.8,2.20791,0.03495,0.01582945,0.3,0.695238095,3.19,0.020320645,1.277816276,1.290957106
NiwotLTER,7/17/2014,7,17,GL4.LS,GL4,Green Lakes Valley,City of Boulder Watershed,surface,NATURAL,40.0553889,-105.6203417,15,160.9,NA,6.95,13.25,2.61,3.72,198,2014,0,3550,0,0.58,0.27,0.168,13,0.38,8.14,26.99,45.68,6.57,8.673833,1.2225048,1.061735,28.4,1.494736842,-4,24,0.60375051,0,0.066041582,0.002853649,0.316754994,0.001630656,0.023644517,0,0,0,-0.025275173,520.6628418,0.026883813,0.007687487,67.24014282,205694.3704,1.87,41311.8,2.20791,0.03495,0.01582945,0.3,0.695238095,5.95,0.025451061,0.687348405,0.700362749
NiwotLTER,7/14/2015,7,14,GL4.LS,GL4,Green Lakes Valley,City of Boulder Watershed,surface,NATURAL,40.0553889,-105.6203417,15,169.1,4.5,6.98,13.24,3.42,3.41,195,2015,0,3550,0,0.67,0.26,0.185,13,0.38,5.07,39.06,94.367,9.115001,9.439367,1.116701,1.3510102,21.8,1.147368421,-6,19,0.60375051,0,0.066041582,0.002853649,0.316754994,0.001630656,0.023644517,0,0,0,-0.025275173,520.6628418,0.026883813,0.007687487,67.24014282,205694.3704,1.87,41311.8,2.20791,0.03495,0.01582945,0.3,0.695238095,2.8,0.017488187,0.869757867,0.855646798
NiwotLTER,7/18/2013,7,18,GL4.LH,GL4,Green Lakes Valley,City of Boulder Watershed,hypolimnion,NATURAL,40.0553889,-105.6203417,15,NA,3.5,7.1,16.54,0.4,NA,199,2013,1,3561,0,0.796,0.3,0.222,13.1,0.38,0,52.34,96.87,10.065001,9.742,1.48354295,1.0303353,19.6,1.031578947,6,35,0.60375051,0,0.066041582,0.002853649,0.316754994,0.001630656,0.023644517,0,0,0,-0.025275173,520.6628418,0.026883813,0.007687487,67.24014282,205694.3704,1.87,41311.8,2.20791,0.03495,0.01582945,0.3,0.695238095,5.73,0.026327987,0.698886892,0.696129787
NiwotLTER,7/15/2008,7,15,GL4.LS,GL4,Green Lakes Valley,City of Boulder Watershed,surface,NATURAL,40.0553889,-105.6203417,15,NA,NA,7.2,16,1.31,NA,197,2008,0,3561,0,0.582,0.25,0.199,13.1,0.38,0,2.71,13.82,10.755,9.149667,0.40420123,1.1357104,18.2,0.957894737,-5,22,0.60375051,0,0.066041582,0.002853649,0.316754994,0.001630656,0.023644517,0,0,0,-0.025275173,520.6628418,0.026883813,0.007687487,67.24014282,205694.3704,1.87,41311.8,2.20791,0.03495,0.01582945,0.3,0.695238095,3.19,0.020320645,1.277816276,1.290957106
NiwotLTER,8/9/2011,8,9,GL4.LH,GL4,Green Lakes Valley,City of Boulder Watershed,hypolimnion,NATURAL,40.0553889,-105.6203417,15,36.9,NA,7.4,10.53,0.79,12.02,221,2011,1,3561,0,0.339,0.2,0.136,13.1,0.38,0,19.46,103.99,9.855,10.598,1.40875039,1.0803618,29.4,1.547368421,-16,35,0.60375051,0,0.066041582,0.002853649,0.316754994,0.001630656,0.023644517,0,0,0,-0.025275173,520.6628418,0.026883813,0.007687487,67.24014282,205694.3704,1.87,41311.8,2.20791,0.03495,0.01582945,0.3,0.695238095,3.56,0.018869147,0.02300331,1.127314656
NiwotLTER,7/31/2014,7,31,GL4.LH,GL4,Green Lakes Valley,City of Boulder Watershed,hypolimnion,NATURAL,40.0553889,-105.6203417,15,213.6,5,7.45,16.09,0.99,1.9,212,2014,1,3550,0,0.56,0.183,0.145,13,0.38,16.06,52.15,91.35,3.715,9.943667,1.2225048,1.061735,28.4,1.494736842,-4,38,0.60375051,0,0.066041582,0.002853649,0.316754994,0.001630656,0.023644517,0,0,0,-0.025275173,520.6628418,0.026883813,0.007687487,67.24014282,205694.3704,1.87,41311.8,2.20791,0.03495,0.01582945,0.3,0.695238095,5.95,0.025451061,0.687348405,0.700362749
NiwotLTER,7/19/2016,7,19,GL4.LH,GL4,Green Lakes Valley,City of Boulder Watershed,hypolimnion,NATURAL,40.0553889,-105.6203417,15,171.5,3.3,7.5,14.17,15.91,1.5,201,2016,1,3550,0,0.53,0.116,0.116,13,0.38,2.426,2.439,29.34,11.971001,10.883401,0.3599947,1.1651942,21.6,1.136842105,3,34,0.60375051,0,0.066041582,0.002853649,0.316754994,0.001630656,0.023644517,0,0,0,-0.025275173,520.6628418,0.026883813,0.007687487,67.24014282,205694.3704,1.87,41311.8,2.20791,0.03495,0.01582945,0.3,0.695238095,3.72,0.023374653,0.690816496,0.68657099
NiwotLTER,7/29/2008,7,29,GL4.LH,GL4,Green Lakes Valley,City of Boulder Watershed,hypolimnion,NATURAL,40.0553889,-105.6203417,15,NA,NA,7.6,14.52,5.94,NA,211,2008,1,3561,0,0.784,0.17,0.132,13.1,0.38,2.64,12.27,28.22,9.92,10.575167,0.4042012,1.1357104,18.2,0.957894737,-5,36,0.60375051,0,0.066041582,0.002853649,0.316754994,0.001630656,0.023644517,0,0,0,-0.025275173,520.6628418,0.026883813,0.007687487,67.24014282,205694.3704,1.87,41311.8,2.20791,0.03495,0.01582945,0.3,0.695238095,3.19,0.020320645,1.277816276,1.290957106
NiwotLTER,9/9/2011,9,9,GL4.LH,GL4,Green Lakes Valley,City of Boulder Watershed,hypolimnion,NATURAL,40.0553889,-105.6203417,15,48,NA,7.9,14.89,0.04,6.01,252,2011,1,3561,0,0.351,0.13,0.074,13.1,0.38,0.01,27.77,52.11,3.225,9.395667,0.61677853,1.254386,29.4,1.547368421,-16,66,0.60375051,0,0.066041582,0.002853649,0.316754994,0.001630656,0.023644517,0,0,0,-0.025275173,520.6628418,0.026883813,0.007687487,67.24014282,205694.3704,1.87,41311.8,2.20791,0.03495,0.01582945,0.3,0.695238095,3.56,0.018869147,0.02300331,1.127314656
NiwotLTER,7/23/2015,7,23,GL4.LH,GL4,Green Lakes Valley,City of Boulder Watershed,hypolimnion,NATURAL,40.0553889,-105.6203417,15,221.7,4,8.03,12.81,1.78,1.9,204,2015,1,3550,0,0.66,0.19,0.118,13,0.38,0,5.81,99.859,8.974,9.1296,1.2242441,0.9691325,21.8,1.147368421,-6,28,0.60375051,0,0.066041582,0.002853649,0.316754994,0.001630656,0.023644517,0,0,0,-0.025275173,520.6628418,0.026883813,0.007687487,67.24014282,205694.3704,1.87,41311.8,2.20791,0.03495,0.01582945,0.3,0.695238095,2.8,0.017488187,0.869757867,0.855646798
NiwotLTER,8/7/2014,8,7,GL4.LH,GL4,Green Lakes Valley,City of Boulder Watershed,hypolimnion,NATURAL,40.0553889,-105.6203417,15,433.6,4,8.05,15.07,1.09,0.9,219,2014,1,3550,0,1.28,0.176,0.14,13,0.38,0,5.81,90.44,9.26,9.385833,1.2225048,1.061735,28.4,1.494736842,-4,45,0.60375051,0,0.066041582,0.002853649,0.316754994,0.001630656,0.023644517,0,0,0,-0.025275173,520.6628418,0.026883813,0.007687487,67.24014282,205694.3704,1.87,41311.8,2.20791,0.03495,0.01582945,0.3,0.695238095,5.95,0.025451061,0.687348405,0.700362749
NiwotLTER,7/24/2014,7,24,GL4.LH,GL4,Green Lakes Valley,City of Boulder Watershed,hypolimnion,NATURAL,40.0553889,-105.6203417,15,97.8,2.5,8.05,12.57,3.45,3.4,205,2014,1,3550,0,0.44,0.15,0.096,13,0.38,0.72,0.72,41.62,12.855,9.701833,1.2225048,1.061735,28.4,1.494736842,-4,31,0.60375051,0,0.066041582,0.002853649,0.316754994,0.001630656,0.023644517,0,0,0,-0.025275173,520.6628418,0.026883813,0.007687487,67.24014282,205694.3704,1.87,41311.8,2.20791,0.03495,0.01582945,0.3,0.695238095,5.95,0.025451061,0.687348405,0.700362749
NiwotLTER,8/14/2014,8,14,GL4.LH,GL4,Green Lakes Valley,City of Boulder Watershed,hypolimnion,NATURAL,40.0553889,-105.6203417,15,201.6,5,8.15,15.33,1.51,2.2,226,2014,1,3550,0,0.57,0.2,0.122,13,0.38,0.64,11.06,84.79,10.54,9.032,1.2225048,1.061735,28.4,1.494736842,-4,52,0.60375051,0,0.066041582,0.002853649,0.316754994,0.001630656,0.023644517,0,0,0,-0.025275173,520.6628418,0.026883813,0.007687487,67.24014282,205694.3704,1.87,41311.8,2.20791,0.03495,0.01582945,0.3,0.695238095,5.95,0.025451061,0.687348405,0.700362749
NiwotLTER,7/23/2013,7,23,GL4.LH,GL4,Green Lakes Valley,City of Boulder Watershed,hypolimnion,NATURAL,40.0553889,-105.6203417,15,225.6,3.3,8.3,16.38,0.97,2.26,204,2013,1,3561,0,0.543,0.23,0.176,13.1,0.38,0,9.56,106.43,12.745,10.133833,1.48354295,1.0303353,19.6,1.031578947,6,40,0.60375051,0,0.066041582,0.002853649,0.316754994,0.001630656,0.023644517,0,0,0,-0.025275173,520.6628418,0.026883813,0.007687487,67.24014282,205694.3704,1.87,41311.8,2.20791,0.03495,0.01582945,0.3,0.695238095,5.73,0.026327987,0.698886892,0.696129787
NiwotLTER,7/31/2014,7,31,GL4.LS,GL4,Green Lakes Valley,City of Boulder Watershed,surface,NATURAL,40.0553889,-105.6203417,15,152,5,8.4,13.66,1.19,2.48,212,2014,0,3550,0,0.5,0.17,0.112,13,0.38,16.06,52.15,91.35,3.715,9.943667,1.2225048,1.061735,28.4,1.494736842,-4,38,0.60375051,0,0.066041582,0.002853649,0.316754994,0.001630656,0.023644517,0,0,0,-0.025275173,520.6628418,0.026883813,0.007687487,67.24014282,205694.3704,1.87,41311.8,2.20791,0.03495,0.01582945,0.3,0.695238095,5.95,0.025451061,0.687348405,0.700362749
NiwotLTER,9/9/2011,9,9,GL4.LS,GL4,Green Lakes Valley,City of Boulder Watershed,surface,NATURAL,40.0553889,-105.6203417,15,517.3,NA,8.5,14.01,0.47,0.6,252,2011,0,3561,0,0.323,0.14,0.062,13.1,0.38,0.01,27.77,52.11,3.225,9.395667,0.61677853,1.254386,29.4,1.547368421,-16,66,0.60375051,0,0.066041582,0.002853649,0.316754994,0.001630656,0.023644517,0,0,0,-0.025275173,520.6628418,0.026883813,0.007687487,67.24014282,205694.3704,1.87,41311.8,2.20791,0.03495,0.01582945,0.3,0.695238095,3.56,0.018869147,0.02300331,1.127314656
NiwotLTER,7/23/2015,7,23,GL4.LS,GL4,Green Lakes Valley,City of Boulder Watershed,surface,NATURAL,40.0553889,-105.6203417,15,296.3,NA,8.61,13.02,4.11,2.17,204,2015,0,3550,0,0.86,0.29,0.108,13,0.38,0,5.81,99.859,8.974,9.1296,1.2242441,0.9691325,21.8,1.147368421,-6,28,0.60375051,0,0.066041582,0.002853649,0.316754994,0.001630656,0.023644517,0,0,0,-0.025275173,520.6628418,0.026883813,0.007687487,67.24014282,205694.3704,1.87,41311.8,2.20791,0.03495,0.01582945,0.3,0.695238095,2.8,0.017488187,0.869757867,0.855646798
NiwotLTER,7/9/2015,7,9,GL1.LH,GL1,Green Lakes Valley,City of Boulder Watershed,hypolimnion,NATURAL,40.0509611,-105.6056944,14,1685.1,5.5,8.7,49.4,19.87,0.3,190,2015,1,3425,1,0.94,0.228,0.144,7,0.57,12.96,57.19,110.862,4.909,9.112267,1.116701,1.3510102,21.8,1.147368421,-6,14,0.317286652,0,0.503282276,0,0.115973742,0,0.015317287,0,0.002188184,0,-0.01750547,280.6965332,0.037602634,0.07261477,47.06485748,227293.9978,9.8,40016.7,0.4085,0,0,0.146341463,0.56097561,2.69,0.01661126,0.895151411,0.872759734
NiwotLTER,7/28/2015,7,28,GL4.LH,GL4,Green Lakes Valley,City of Boulder Watershed,hypolimnion,NATURAL,40.0553889,-105.6203417,15,140.1,3,8.84,12.78,3.7,2.2,209,2015,1,3550,0,0.59,0.139,0.099,13,0.38,0,4.77,92.967,11.835001,9.1992,1.2242441,0.9691325,21.8,1.147368421,-6,33,0.60375051,0,0.066041582,0.002853649,0.316754994,0.001630656,0.023644517,0,0,0,-0.025275173,520.6628418,0.026883813,0.007687487,67.24014282,205694.3704,1.87,41311.8,2.20791,0.03495,0.01582945,0.3,0.695238095,2.8,0.017488187,0.869757867,0.855646798
NiwotLTER,8/7/2014,8,7,GL4.LS,GL4,Green Lakes Valley,City of Boulder Watershed,surface,NATURAL,40.0553889,-105.6203417,15,190.7,4,8.95,14.91,1.34,2.79,219,2014,0,3550,0,0.53,0.24,0.141,13,0.38,0,5.81,90.44,9.26,9.385833,1.2225048,1.061735,28.4,1.494736842,-4,45,0.60375051,0,0.066041582,0.002853649,0.316754994,0.001630656,0.023644517,0,0,0,-0.025275173,520.6628418,0.026883813,0.007687487,67.24014282,205694.3704,1.87,41311.8,2.20791,0.03495,0.01582945,0.3,0.695238095,5.95,0.025451061,0.687348405,0.700362749
NiwotLTER,7/24/2014,7,24,GL4.LS,GL4,Green Lakes Valley,City of Boulder Watershed,surface,NATURAL,40.0553889,-105.6203417,15,128.7,NA,9.1,12.21,2.54,3.1,205,2014,0,3550,0,0.49,0.18,0.099,13,0.38,0.72,0.72,41.62,12.855,9.701833,1.2225048,1.061735,28.4,1.494736842,-4,31,0.60375051,0,0.066041582,0.002853649,0.316754994,0.001630656,0.023644517,0,0,0,-0.025275173,520.6628418,0.026883813,0.007687487,67.24014282,205694.3704,1.87,41311.8,2.20791,0.03495,0.01582945,0.3,0.695238095,5.95,0.025451061,0.687348405,0.700362749
NiwotLTER,7/7/2016,7,7,GL1.LH,GL1,Green Lakes Valley,City of Boulder Watershed,hypolimnion,NATURAL,40.0509611,-105.6056944,14,248.3,4.5,9.12,50.1,13.77,1.5,189,2016,1,3425,1,1.09,0.168,0.117,7,0.57,0,17.566,42.273,11.105,10.064834,0.4618754,1.5164984,21.6,1.136842105,3,22,0.317286652,0,0.503282276,0,0.115973742,0,0.015317287,0,0.002188184,0,-0.01750547,280.6965332,0.037602634,0.07261477,47.06485748,227293.9978,9.8,40016.7,0.4085,0,0,0.146341463,0.56097561,3.62,0.023374653,0.682674136,0.68657099
NiwotLTER,7/30/2013,7,30,GL4.LH,GL4,Green Lakes Valley,City of Boulder Watershed,hypolimnion,NATURAL,40.0553889,-105.6203417,15,265.5,3.3,9.2,16.31,5.2,1.67,211,2013,1,3561,0,0.616,0.2,0.142,13.1,0.38,1.83,19.09,110.86,6.98,9.759,1.48354295,1.0303353,19.6,1.031578947,6,47,0.60375051,0,0.066041582,0.002853649,0.316754994,0.001630656,0.023644517,0,0,0,-0.025275173,520.6628418,0.026883813,0.007687487,67.24014282,205694.3704,1.87,41311.8,2.20791,0.03495,0.01582945,0.3,0.695238095,5.73,0.026327987,0.698886892,0.696129787
NiwotLTER,8/13/2013,8,13,GL4.LH,GL4,Green Lakes Valley,City of Boulder Watershed,hypolimnion,NATURAL,40.0553889,-105.6203417,15,259.3,4,9.2,17.47,6.2,2.48,225,2013,1,3561,0,2.524,0.29,0.107,13.1,0.38,13.17,25.82,90.85,7.015,9.1415,1.48354295,1.0303353,19.6,1.031578947,6,61,0.60375051,0,0.066041582,0.002853649,0.316754994,0.001630656,0.023644517,0,0,0,-0.025275173,520.6628418,0.026883813,0.007687487,67.24014282,205694.3704,1.87,41311.8,2.20791,0.03495,0.01582945,0.3,0.695238095,5.73,0.026327987,0.698886892,0.696129787
NiwotLTER,7/22/2014,7,22,GL1.LH,GL1,Green Lakes Valley,City of Boulder Watershed,hypolimnion,NATURAL,40.0509611,-105.6056944,14,173.9,4,9.3,43.5,0.06,1.9,203,2014,1,3425,1,0.85,0.149,0.07,7,0.57,0,15.05,41.69,12.599999,9.296667,1.2225048,1.061735,28.4,1.494736842,-4,29,0.317286652,0,0.503282276,0,0.115973742,0,0.015317287,0,0.002188184,0,-0.01750547,280.6965332,0.037602634,0.07261477,47.06485748,227293.9978,9.8,40016.7,0.4085,0,0,0.146341463,0.56097561,5.92,0.025289783,0.688456406,0.689587938
NiwotLTER,8/20/2013,8,20,GL4.LH,GL4,Green Lakes Valley,City of Boulder Watershed,hypolimnion,NATURAL,40.0553889,-105.6203417,15,271.1,5.8,9.3,18.24,6.5,2.29,232,2013,1,3561,0,1.717,0.28,0.122,13.1,0.38,0,7.54,65.09,11.605,9.200333,1.14416105,1.1064327,19.6,1.031578947,6,68,0.60375051,0,0.066041582,0.002853649,0.316754994,0.001630656,0.023644517,0,0,0,-0.025275173,520.6628418,0.026883813,0.007687487,67.24014282,205694.3704,1.87,41311.8,2.20791,0.03495,0.01582945,0.3,0.695238095,5.73,0.026327987,0.698886892,0.696129787
NiwotLTER,8/13/2013,8,13,GL4.LS,GL4,Green Lakes Valley,City of Boulder Watershed,surface,NATURAL,40.0553889,-105.6203417,15,87.2,4,9.3,17.32,3,4.83,225,2013,0,3561,0,1.175,0.19,0.1,13.1,0.38,13.17,25.82,90.85,7.015,9.1415,1.48354295,1.0303353,19.6,1.031578947,6,61,0.60375051,0,0.066041582,0.002853649,0.316754994,0.001630656,0.023644517,0,0,0,-0.025275173,520.6628418,0.026883813,0.007687487,67.24014282,205694.3704,1.87,41311.8,2.20791,0.03495,0.01582945,0.3,0.695238095,5.73,0.026327987,0.698886892,0.696129787
NiwotLTER,8/5/2014,8,5,GL1.LH,GL1,Green Lakes Valley,City of Boulder Watershed,hypolimnion,NATURAL,40.0509611,-105.6056944,14,91.5,4,9.35,44.2,0.06,3.1,217,2014,1,3425,1,0.87,0.128,0.051,7,0.57,2.71,46.22,91.59,8.9,9.613333,1.2225048,1.061735,28.4,1.494736842,-4,43,0.317286652,0,0.503282276,0,0.115973742,0,0.015317287,0,0.002188184,0,-0.01750547,280.6965332,0.037602634,0.07261477,47.06485748,227293.9978,9.8,40016.7,0.4085,0,0,0.146341463,0.56097561,5.92,0.025289783,0.688456406,0.689587938
NiwotLTER,7/26/2016,7,26,GL4.LH,GL4,Green Lakes Valley,City of Boulder Watershed,hypolimnion,NATURAL,40.0553889,-105.6203417,15,246.4,2.3,9.43,13.54,13.09,0.9,208,2016,1,3550,0,0.52,0.1,0.056,13,0.38,0,6.887,27.709,12.718,11.150434,0.3599947,1.1651942,21.6,1.136842105,3,41,0.60375051,0,0.066041582,0.002853649,0.316754994,0.001630656,0.023644517,0,0,0,-0.025275173,520.6628418,0.026883813,0.007687487,67.24014282,205694.3704,1.87,41311.8,2.20791,0.03495,0.01582945,0.3,0.695238095,3.72,0.023374653,0.690816496,0.68657099
NiwotLTER,7/28/2015,7,28,GL4.LS,GL4,Green Lakes Valley,City of Boulder Watershed,surface,NATURAL,40.0553889,-105.6203417,15,204.4,3,9.46,13.21,2.71,2.17,209,2015,0,3550,0,0.81,0.2,0.094,13,0.38,0,4.77,92.967,11.835001,9.1992,1.2242441,0.9691325,21.8,1.147368421,-6,33,0.60375051,0,0.066041582,0.002853649,0.316754994,0.001630656,0.023644517,0,0,0,-0.025275173,520.6628418,0.026883813,0.007687487,67.24014282,205694.3704,1.87,41311.8,2.20791,0.03495,0.01582945,0.3,0.695238095,2.8,0.017488187,0.869757867,0.855646798
NiwotLTER,7/24/2008,7,24,GL4.LS,GL4,Green Lakes Valley,City of Boulder Watershed,surface,NATURAL,40.0553889,-105.6203417,15,119.3,NA,9.5,15.66,15.4,4.09,206,2008,0,3561,0,0.648,0.22,0.148,13.1,0.38,9.02,12.73,24.97,11.645,10.192,0.40420123,1.1357104,18.2,0.957894737,-5,31,0.60375051,0,0.066041582,0.002853649,0.316754994,0.001630656,0.023644517,0,0,0,-0.025275173,520.6628418,0.026883813,0.007687487,67.24014282,205694.3704,1.87,41311.8,2.20791,0.03495,0.01582945,0.3,0.695238095,3.19,0.020320645,1.277816276,1.290957106
NiwotLTER,7/9/2015,7,9,GL1.LS,GL1,Green Lakes Valley,City of Boulder Watershed,surface,NATURAL,40.0509611,-105.6056944,14,1072.8,5.5,9.6,47.3,12.93,0.62,190,2015,0,3425,1,1.4,0.3,0.154,7,0.57,12.96,57.19,110.862,4.909,9.112267,1.116701,1.3510102,21.8,1.147368421,-6,14,0.317286652,0,0.503282276,0,0.115973742,0,0.015317287,0,0.002188184,0,-0.01750547,280.6965332,0.037602634,0.07261477,47.06485748,227293.9978,9.8,40016.7,0.4085,0,0,0.146341463,0.56097561,2.69,0.01661126,0.895151411,0.872759734
NiwotLTER,8/21/2014,8,21,GL4.LH,GL4,Green Lakes Valley,City of Boulder Watershed,hypolimnion,NATURAL,40.0553889,-105.6203417,15,249.8,5.5,9.6,16.05,1.43,1.5,233,2014,1,3550,0,0.57,0.169,0.089,13,0.38,0,10.71,80.45,8.785,9.084333,0.7883221,0.9192982,28.4,1.494736842,-4,59,0.60375051,0,0.066041582,0.002853649,0.316754994,0.001630656,0.023644517,0,0,0,-0.025275173,520.6628418,0.026883813,0.007687487,67.24014282,205694.3704,1.87,41311.8,2.20791,0.03495,0.01582945,0.3,0.695238095,5.95,0.025451061,0.687348405,0.700362749
NiwotLTER,7/29/2014,7,29,GL1.LH,GL1,Green Lakes Valley,City of Boulder Watershed,hypolimnion,NATURAL,40.0509611,-105.6056944,14,112.4,NA,9.6,43.8,0.08,2.8,210,2014,1,3425,1,0.82,0.142,0.064,7,0.57,3.27,10.83,49.31,9.389999,10.240167,1.2225048,1.061735,28.4,1.494736842,-4,36,0.317286652,0,0.503282276,0,0.115973742,0,0.015317287,0,0.002188184,0,-0.01750547,280.6965332,0.037602634,0.07261477,47.06485748,227293.9978,9.8,40016.7,0.4085,0,0,0.146341463,0.56097561,5.92,0.025289783,0.688456406,0.689587938
NiwotLTER,8/6/2015,8,6,GL4.LH,GL4,Green Lakes Valley,City of Boulder Watershed,hypolimnion,NATURAL,40.0553889,-105.6203417,15,58.1,4.5,9.66,13,5.77,3.7,218,2015,1,3550,0,0.62,0.097,0.067,13,0.38,0,1.09,55.17,11.795001,9.287867,1.2242441,0.9691325,21.8,1.147368421,-6,42,0.60375051,0,0.066041582,0.002853649,0.316754994,0.001630656,0.023644517,0,0,0,-0.025275173,520.6628418,0.026883813,0.007687487,67.24014282,205694.3704,1.87,41311.8,2.20791,0.03495,0.01582945,0.3,0.695238095,2.8,0.017488187,0.869757867,0.855646798
NiwotLTER,7/30/2013,7,30,GL4.LS,GL4,Green Lakes Valley,City of Boulder Watershed,surface,NATURAL,40.0553889,-105.6203417,15,234.6,3.3,9.7,16.28,0.96,1.89,211,2013,0,3561,0,0.564,0.2,0.135,13.1,0.38,1.83,19.09,110.86,6.98,9.759,1.48354295,1.0303353,19.6,1.031578947,6,47,0.60375051,0,0.066041582,0.002853649,0.316754994,0.001630656,0.023644517,0,0,0,-0.025275173,520.6628418,0.026883813,0.007687487,67.24014282,205694.3704,1.87,41311.8,2.20791,0.03495,0.01582945,0.3,0.695238095,5.73,0.026327987,0.698886892,0.696129787
NiwotLTER,8/21/2014,8,21,GL4.LS,GL4,Green Lakes Valley,City of Boulder Watershed,surface,NATURAL,40.0553889,-105.6203417,15,173.7,NA,9.7,15.94,1.75,2.17,233,2014,0,3550,0,0.88,0.17,0.093,13,0.38,0,10.71,80.45,8.785,9.084333,0.7883221,0.9192982,28.4,1.494736842,-4,59,0.60375051,0,0.066041582,0.002853649,0.316754994,0.001630656,0.023644517,0,0,0,-0.025275173,520.6628418,0.026883813,0.007687487,67.24014282,205694.3704,1.87,41311.8,2.20791,0.03495,0.01582945,0.3,0.695238095,5.95,0.025451061,0.687348405,0.700362749
NiwotLTER,8/23/2016,8,23,GL4.LH,GL4,Green Lakes Valley,City of Boulder Watershed,hypolimnion,NATURAL,40.0553889,-105.6203417,15,583.9,3.8,9.72,16.03,2.12,0.3,236,2016,1,3550,0,0.67,0.079,0.009,13,0.38,1.013,26.054,48.463,9.566,10.048367,1.0635839,0.9624561,21.6,1.136842105,3,69,0.60375051,0,0.066041582,0.002853649,0.316754994,0.001630656,0.023644517,0,0,0,-0.025275173,520.6628418,0.026883813,0.007687487,67.24014282,205694.3704,1.87,41311.8,2.20791,0.03495,0.01582945,0.3,0.695238095,3.72,0.023374653,0.690816496,0.68657099
NiwotLTER,8/12/2015,8,12,GL4.LH,GL4,Green Lakes Valley,City of Boulder Watershed,hypolimnion,NATURAL,40.0553889,-105.6203417,15,132.2,5,9.73,13.09,8.3,2.8,224,2015,1,3550,0,0.58,0.167,0.06,13,0.38,3.35,3.35,24.53,10.335,9.8277,1.2242441,0.9691325,21.8,1.147368421,-6,48,0.60375051,0,0.066041582,0.002853649,0.316754994,0.001630656,0.023644517,0,0,0,-0.025275173,520.6628418,0.026883813,0.007687487,67.24014282,205694.3704,1.87,41311.8,2.20791,0.03495,0.01582945,0.3,0.695238095,2.8,0.017488187,0.869757867,0.855646798
NiwotLTER,7/23/2013,7,23,GL4.LS,GL4,Green Lakes Valley,City of Boulder Watershed,surface,NATURAL,40.0553889,-105.6203417,15,273.2,3.3,9.75,16.16,0.6,2.11,204,2013,0,3561,0,0.839,0.26,0.154,13.1,0.38,0,9.56,106.43,12.745,10.133833,1.48354295,1.0303353,19.6,1.031578947,6,40,0.60375051,0,0.066041582,0.002853649,0.316754994,0.001630656,0.023644517,0,0,0,-0.025275173,520.6628418,0.026883813,0.007687487,67.24014282,205694.3704,1.87,41311.8,2.20791,0.03495,0.01582945,0.3,0.695238095,5.73,0.026327987,0.698886892,0.696129787
NiwotLTER,8/23/2016,8,23,GL4.LS,GL4,Green Lakes Valley,City of Boulder Watershed,surface,NATURAL,40.0553889,-105.6203417,15,429.1,3.8,9.77,17,5.61,0.62,236,2016,0,3550,0,0.7,0.12,0.019,13,0.38,1.013,26.054,48.463,9.566,10.048367,1.0635839,0.9624561,21.6,1.136842105,3,69,0.60375051,0,0.066041582,0.002853649,0.316754994,0.001630656,0.023644517,0,0,0,-0.025275173,520.6628418,0.026883813,0.007687487,67.24014282,205694.3704,1.87,41311.8,2.20791,0.03495,0.01582945,0.3,0.695238095,3.72,0.023374653,0.690816496,0.68657099
NiwotLTER,9/2/2011,9,2,GL4.LS,GL4,Green Lakes Valley,City of Boulder Watershed,surface,NATURAL,40.0553889,-105.6203417,15,369.5,NA,9.8,11.54,0.18,0.6,245,2011,0,3561,0,0.346,0.1,0.049,13.1,0.38,0,9.01,24.34,11.825,10.624667,0.61677853,1.254386,29.4,1.547368421,-16,59,0.60375051,0,0.066041582,0.002853649,0.316754994,0.001630656,0.023644517,0,0,0,-0.025275173,520.6628418,0.026883813,0.007687487,67.24014282,205694.3704,1.87,41311.8,2.20791,0.03495,0.01582945,0.3,0.695238095,3.56,0.018869147,0.02300331,1.127314656
NiwotLTER,7/18/2013,7,18,GL4.LS,GL4,Green Lakes Valley,City of Boulder Watershed,surface,NATURAL,40.0553889,-105.6203417,15,849.9,3.5,9.9,15.25,0.35,0.6,199,2013,0,3561,0,0.482,0.23,0.186,13.1,0.38,0,52.34,96.87,10.065001,9.742,1.48354295,1.0303353,19.6,1.031578947,6,35,0.60375051,0,0.066041582,0.002853649,0.316754994,0.001630656,0.023644517,0,0,0,-0.025275173,520.6628418,0.026883813,0.007687487,67.24014282,205694.3704,1.87,41311.8,2.20791,0.03495,0.01582945,0.3,0.695238095,5.73,0.026327987,0.698886892,0.696129787
NiwotLTER,7/16/2015,7,16,GL1.LH,GL1,Green Lakes Valley,City of Boulder Watershed,hypolimnion,NATURAL,40.0509611,-105.6056944,14,271.9,4.5,9.9,50.3,4.98,1.9,197,2015,1,3425,1,0.95,0.233,0.128,7,0.57,1.76,23.11,99.467,8.48,9.591867,1.2242441,0.9691325,21.8,1.147368421,-6,21,0.317286652,0,0.503282276,0,0.115973742,0,0.015317287,0,0.002188184,0,-0.01750547,280.6965332,0.037602634,0.07261477,47.06485748,227293.9978,9.8,40016.7,0.4085,0,0,0.146341463,0.56097561,2.69,0.01661126,0.895151411,0.872759734
NiwotLTER,8/14/2014,8,14,GL4.LS,GL4,Green Lakes Valley,City of Boulder Watershed,surface,NATURAL,40.0553889,-105.6203417,15,187.7,5,9.95,16.26,1.24,2.48,226,2014,0,3550,0,0.48,0.21,0.109,13,0.38,0.64,11.06,84.79,10.54,9.032,1.2225048,1.061735,28.4,1.494736842,-4,52,0.60375051,0,0.066041582,0.002853649,0.316754994,0.001630656,0.023644517,0,0,0,-0.025275173,520.6628418,0.026883813,0.007687487,67.24014282,205694.3704,1.87,41311.8,2.20791,0.03495,0.01582945,0.3,0.695238095,5.95,0.025451061,0.687348405,0.700362749
NiwotLTER,8/6/2015,8,6,GL4.LS,GL4,Green Lakes Valley,City of Boulder Watershed,surface,NATURAL,40.0553889,-105.6203417,15,58.1,NA,9.95,13.04,10.66,4.96,218,2015,0,3550,0,0.71,0.13,0.072,13,0.38,0,1.09,55.17,11.795001,9.287867,1.2242441,0.9691325,21.8,1.147368421,-6,42,0.60375051,0,0.066041582,0.002853649,0.316754994,0.001630656,0.023644517,0,0,0,-0.025275173,520.6628418,0.026883813,0.007687487,67.24014282,205694.3704,1.87,41311.8,2.20791,0.03495,0.01582945,0.3,0.695238095,2.8,0.017488187,0.869757867,0.855646798
NiwotLTER,8/6/2013,8,6,GL4.LH,GL4,Green Lakes Valley,City of Boulder Watershed,hypolimnion,NATURAL,40.0553889,-105.6203417,15,163.9,3.5,10,16.9,4.9,2.57,218,2013,1,3561,0,0.584,0.19,0.121,13.1,0.38,4.21,12.64,94.61,10.155,10.169167,1.48354295,1.0303353,19.6,1.031578947,6,54,0.60375051,0,0.066041582,0.002853649,0.316754994,0.001630656,0.023644517,0,0,0,-0.025275173,520.6628418,0.026883813,0.007687487,67.24014282,205694.3704,1.87,41311.8,2.20791,0.03495,0.01582945,0.3,0.695238095,5.73,0.026327987,0.698886892,0.696129787
NiwotLTER,7/16/2015,7,16,GL1.LS,GL1,Green Lakes Valley,City of Boulder Watershed,surface,NATURAL,40.0509611,-105.6056944,14,543.6,4.5,10.06,47,5.91,1.55,197,2015,0,3425,1,1.48,0.38,0.129,7,0.57,1.76,23.11,99.467,8.48,9.591867,1.2242441,0.9691325,21.8,1.147368421,-6,21,0.317286652,0,0.503282276,0,0.115973742,0,0.015317287,0,0.002188184,0,-0.01750547,280.6965332,0.037602634,0.07261477,47.06485748,227293.9978,9.8,40016.7,0.4085,0,0,0.146341463,0.56097561,2.69,0.01661126,0.895151411,0.872759734
NiwotLTER,7/7/2016,7,7,GL1.LS,GL1,Green Lakes Valley,City of Boulder Watershed,surface,NATURAL,40.0509611,-105.6056944,14,524.5,4.5,10.09,50.2,5.15,0.93,189,2016,0,3425,1,1.26,0.22,0.103,7,0.57,0,17.566,42.273,11.105,10.064834,0.4618754,1.5164984,21.6,1.136842105,3,22,0.317286652,0,0.503282276,0,0.115973742,0,0.015317287,0,0.002188184,0,-0.01750547,280.6965332,0.037602634,0.07261477,47.06485748,227293.9978,9.8,40016.7,0.4085,0,0,0.146341463,0.56097561,3.62,0.023374653,0.682674136,0.68657099
NiwotLTER,7/29/2008,7,29,GL4.LS,GL4,Green Lakes Valley,City of Boulder Watershed,surface,NATURAL,40.0553889,-105.6203417,15,75.3,NA,10.1,14.42,4.65,4.71,211,2008,0,3561,0,0.638,0.16,0.115,13.1,0.38,2.64,12.27,28.22,9.92,10.575167,0.4042012,1.1357104,18.2,0.957894737,-5,36,0.60375051,0,0.066041582,0.002853649,0.316754994,0.001630656,0.023644517,0,0,0,-0.025275173,520.6628418,0.026883813,0.007687487,67.24014282,205694.3704,1.87,41311.8,2.20791,0.03495,0.01582945,0.3,0.695238095,3.19,0.020320645,1.277816276,1.290957106
NiwotLTER,8/16/2016,8,16,GL4.LH,GL4,Green Lakes Valley,City of Boulder Watershed,hypolimnion,NATURAL,40.0553889,-105.6203417,15,195.9,4.5,10.15,15,6.82,0.6,229,2016,1,3550,0,0.67,0.053,NA,13,0.38,0,4.117,31.722,10.537001,11.055634,1.0635839,0.9624561,21.6,1.136842105,3,62,0.60375051,0,0.066041582,0.002853649,0.316754994,0.001630656,0.023644517,0,0,0,-0.025275173,520.6628418,0.026883813,0.007687487,67.24014282,205694.3704,1.87,41311.8,2.20791,0.03495,0.01582945,0.3,0.695238095,3.72,0.023374653,0.690816496,0.68657099
NiwotLTER,8/9/2016,8,9,GL4.LH,GL4,Green Lakes Valley,City of Boulder Watershed,hypolimnion,NATURAL,40.0553889,-105.6203417,15,151.5,3.5,10.26,14.88,1.45,0.6,222,2016,1,3550,0,0.56,0.041,0.002,13,0.38,0,11.972,27.618,10.773001,11.355001,0.3599947,1.1651942,21.6,1.136842105,3,55,0.60375051,0,0.066041582,0.002853649,0.316754994,0.001630656,0.023644517,0,0,0,-0.025275173,520.6628418,0.026883813,0.007687487,67.24014282,205694.3704,1.87,41311.8,2.20791,0.03495,0.01582945,0.3,0.695238095,3.72,0.023374653,0.690816496,0.68657099
NiwotLTER,8/6/2013,8,6,GL4.LS,GL4,Green Lakes Valley,City of Boulder Watershed,surface,NATURAL,40.0553889,-105.6203417,15,224.8,3.5,10.3,17.46,3.6,2.17,218,2013,0,3561,0,0.899,0.22,0.12,13.1,0.38,4.21,12.64,94.61,10.155,10.169167,1.48354295,1.0303353,19.6,1.031578947,6,54,0.60375051,0,0.066041582,0.002853649,0.316754994,0.001630656,0.023644517,0,0,0,-0.025275173,520.6628418,0.026883813,0.007687487,67.24014282,205694.3704,1.87,41311.8,2.20791,0.03495,0.01582945,0.3,0.695238095,5.73,0.026327987,0.698886892,0.696129787
NiwotLTER,7/21/2015,7,21,GL1.LH,GL1,Green Lakes Valley,City of Boulder Watershed,hypolimnion,NATURAL,40.0509611,-105.6056944,14,1618.6,4,10.33,46.7,11.37,0.3,202,2015,1,3425,1,0.94,0.219,0.103,7,0.57,0.9,10.25,95.089,7.52,9.3691,1.2242441,0.9691325,21.8,1.147368421,-6,26,0.317286652,0,0.503282276,0,0.115973742,0,0.015317287,0,0.002188184,0,-0.01750547,280.6965332,0.037602634,0.07261477,47.06485748,227293.9978,9.8,40016.7,0.4085,0,0,0.146341463,0.56097561,2.69,0.01661126,0.895151411,0.872759734
NiwotLTER,7/19/2016,7,19,GL4.LS,GL4,Green Lakes Valley,City of Boulder Watershed,surface,NATURAL,40.0553889,-105.6203417,15,357.6,NA,10.39,14.07,5.24,0.93,201,2016,0,3550,0,0.59,0.15,0.08,13,0.38,2.426,2.439,29.34,11.971001,10.883401,0.3599947,1.1651942,21.6,1.136842105,3,34,0.60375051,0,0.066041582,0.002853649,0.316754994,0.001630656,0.023644517,0,0,0,-0.025275173,520.6628418,0.026883813,0.007687487,67.24014282,205694.3704,1.87,41311.8,2.20791,0.03495,0.01582945,0.3,0.695238095,3.72,0.023374653,0.690816496,0.68657099
NiwotLTER,8/26/2014,8,26,GL1.LS,GL1,Green Lakes Valley,City of Boulder Watershed,surface,NATURAL,40.0509611,-105.6056944,14,238.4,7.5,10.5,44.4,0.02,0.93,238,2014,0,3425,1,1.28,0.1,0.018,7,0.57,2.22,19.32,88.1,6.485,8.062333,0.7883221,0.9192982,28.4,1.494736842,-4,64,0.317286652,0,0.503282276,0,0.115973742,0,0.015317287,0,0.002188184,0,-0.01750547,280.6965332,0.037602634,0.07261477,47.06485748,227293.9978,9.8,40016.7,0.4085,0,0,0.146341463,0.56097561,5.92,0.025289783,0.688456406,0.689587938
NiwotLTER,8/18/2015,8,18,GL4.LH,GL4,Green Lakes Valley,City of Boulder Watershed,hypolimnion,NATURAL,40.0553889,-105.6203417,15,53.6,6.5,10.51,13.87,7.3,4.3,230,2015,1,3550,0,0.53,0.104,0.045,13,0.38,0,14.85,21.61,9.984,10.289767,0.2995973,1.1403509,21.8,1.147368421,-6,54,0.60375051,0,0.066041582,0.002853649,0.316754994,0.001630656,0.023644517,0,0,0,-0.025275173,520.6628418,0.026883813,0.007687487,67.24014282,205694.3704,1.87,41311.8,2.20791,0.03495,0.01582945,0.3,0.695238095,2.8,0.017488187,0.869757867,0.855646798
NiwotLTER,8/2/2016,8,2,GL4.LH,GL4,Green Lakes Valley,City of Boulder Watershed,hypolimnion,NATURAL,40.0553889,-105.6203417,15,236.5,2.3,10.67,13.68,6.58,0.3,215,2016,1,3550,0,0.55,0.032,0.001,13,0.38,0,6.32,15.697,11.854,11.693834,0.3599947,1.1651942,21.6,1.136842105,3,48,0.60375051,0,0.066041582,0.002853649,0.316754994,0.001630656,0.023644517,0,0,0,-0.025275173,520.6628418,0.026883813,0.007687487,67.24014282,205694.3704,1.87,41311.8,2.20791,0.03495,0.01582945,0.3,0.695238095,3.72,0.023374653,0.690816496,0.68657099
NiwotLTER,8/20/2013,8,20,GL4.LS,GL4,Green Lakes Valley,City of Boulder Watershed,surface,NATURAL,40.0553889,-105.6203417,15,960.8,5.8,10.8,18.5,1.6,0.6,232,2013,0,3561,0,0.678,0.26,0.117,13.1,0.38,0,7.54,65.09,11.605,9.200333,1.14416105,1.1064327,19.6,1.031578947,6,68,0.60375051,0,0.066041582,0.002853649,0.316754994,0.001630656,0.023644517,0,0,0,-0.025275173,520.6628418,0.026883813,0.007687487,67.24014282,205694.3704,1.87,41311.8,2.20791,0.03495,0.01582945,0.3,0.695238095,5.73,0.026327987,0.698886892,0.696129787
NiwotLTER,8/12/2014,8,12,GL1.LH,GL1,Green Lakes Valley,City of Boulder Watershed,hypolimnion,NATURAL,40.0509611,-105.6056944,14,152.9,6.5,10.85,43.3,0.01,1.9,224,2014,1,3425,1,0.98,0.131,0.025,7,0.57,0,12.05,85.38,7.37,8.911167,1.2225048,1.061735,28.4,1.494736842,-4,50,0.317286652,0,0.503282276,0,0.115973742,0,0.015317287,0,0.002188184,0,-0.01750547,280.6965332,0.037602634,0.07261477,47.06485748,227293.9978,9.8,40016.7,0.4085,0,0,0.146341463,0.56097561,5.92,0.025289783,0.688456406,0.689587938
NiwotLTER,8/9/2016,8,9,GL4.LS,GL4,Green Lakes Valley,City of Boulder Watershed,surface,NATURAL,40.0553889,-105.6203417,15,71.5,3.5,10.92,14.66,1.54,0.62,222,2016,0,3550,0,0.59,0.02,0.001,13,0.38,0,11.972,27.618,10.773001,11.355001,0.3599947,1.1651942,21.6,1.136842105,3,55,0.60375051,0,0.066041582,0.002853649,0.316754994,0.001630656,0.023644517,0,0,0,-0.025275173,520.6628418,0.026883813,0.007687487,67.24014282,205694.3704,1.87,41311.8,2.20791,0.03495,0.01582945,0.3,0.695238095,3.72,0.023374653,0.690816496,0.68657099
NiwotLTER,8/18/2015,8,18,GL4.LS,GL4,Green Lakes Valley,City of Boulder Watershed,surface,NATURAL,40.0553889,-105.6203417,15,78.7,NA,10.98,13.53,8.2,3.1,230,2015,0,3550,0,0.55,0.11,0.055,13,0.38,0,14.85,21.61,9.984,10.289767,0.2995973,1.1403509,21.8,1.147368421,-6,54,0.60375051,0,0.066041582,0.002853649,0.316754994,0.001630656,0.023644517,0,0,0,-0.025275173,520.6628418,0.026883813,0.007687487,67.24014282,205694.3704,1.87,41311.8,2.20791,0.03495,0.01582945,0.3,0.695238095,2.8,0.017488187,0.869757867,0.855646798
NiwotLTER,7/26/2016,7,26,GL4.LS,GL4,Green Lakes Valley,City of Boulder Watershed,surface,NATURAL,40.0553889,-105.6203417,15,143,NA,11.15,14.22,12.01,0.93,208,2016,0,3550,0,0.54,0.06,0.011,13,0.38,0,6.887,27.709,12.718,11.150434,0.3599947,1.1651942,21.6,1.136842105,3,41,0.60375051,0,0.066041582,0.002853649,0.316754994,0.001630656,0.023644517,0,0,0,-0.025275173,520.6628418,0.026883813,0.007687487,67.24014282,205694.3704,1.87,41311.8,2.20791,0.03495,0.01582945,0.3,0.695238095,3.72,0.023374653,0.690816496,0.68657099
NiwotLTER,7/21/2015,7,21,GL1.LS,GL1,Green Lakes Valley,City of Boulder Watershed,surface,NATURAL,40.0509611,-105.6056944,14,554.3,4,11.19,48.1,9.31,1.24,202,2015,0,3425,1,1.38,0.31,0.1,7,0.57,0.9,10.25,95.089,7.52,9.3691,1.2242441,0.9691325,21.8,1.147368421,-6,26,0.317286652,0,0.503282276,0,0.115973742,0,0.015317287,0,0.002188184,0,-0.01750547,280.6965332,0.037602634,0.07261477,47.06485748,227293.9978,9.8,40016.7,0.4085,0,0,0.146341463,0.56097561,2.69,0.01661126,0.895151411,0.872759734
NiwotLTER,8/16/2016,8,16,GL4.LS,GL4,Green Lakes Valley,City of Boulder Watershed,surface,NATURAL,40.0553889,-105.6203417,15,186,4.5,11.22,15.59,0.89,1.55,229,2016,0,3550,0,0.65,0.13,0.033,13,0.38,0,4.117,31.722,10.537001,11.055634,1.0635839,0.9624561,21.6,1.136842105,3,62,0.60375051,0,0.066041582,0.002853649,0.316754994,0.001630656,0.023644517,0,0,0,-0.025275173,520.6628418,0.026883813,0.007687487,67.24014282,205694.3704,1.87,41311.8,2.20791,0.03495,0.01582945,0.3,0.695238095,3.72,0.023374653,0.690816496,0.68657099
NiwotLTER,7/30/2015,7,30,GL1.LH,GL1,Green Lakes Valley,City of Boulder Watershed,hypolimnion,NATURAL,40.0509611,-105.6056944,14,148.2,3.5,11.34,47.2,10.85,1.9,211,2015,1,3425,1,0.99,0.127,0.073,7,0.57,0,0,91.5,9.150001,9.1229,1.2242441,0.9691325,21.8,1.147368421,-6,35,0.317286652,0,0.503282276,0,0.115973742,0,0.015317287,0,0.002188184,0,-0.01750547,280.6965332,0.037602634,0.07261477,47.06485748,227293.9978,9.8,40016.7,0.4085,0,0,0.146341463,0.56097561,2.69,0.01661126,0.895151411,0.872759734
NiwotLTER,8/12/2014,8,12,GL1.LS,GL1,Green Lakes Valley,City of Boulder Watershed,surface,NATURAL,40.0509611,-105.6056944,14,500.7,NA,11.4,44.1,0.01,0.62,224,2014,0,3425,1,1.1,0.14,0.022,7,0.57,0,12.05,85.38,7.37,8.911167,1.2225048,1.061735,28.4,1.494736842,-4,50,0.317286652,0,0.503282276,0,0.115973742,0,0.015317287,0,0.002188184,0,-0.01750547,280.6965332,0.037602634,0.07261477,47.06485748,227293.9978,9.8,40016.7,0.4085,0,0,0.146341463,0.56097561,5.92,0.025289783,0.688456406,0.689587938
NiwotLTER,8/4/2015,8,4,GL1.LH,GL1,Green Lakes Valley,City of Boulder Watershed,hypolimnion,NATURAL,40.0509611,-105.6056944,14,82.8,3.9,11.42,47.7,4.63,3.4,216,2015,1,3425,1,0.87,0.127,0.063,7,0.57,0,1.09,79.23,8.905001,9.0867,1.2242441,0.9691325,21.8,1.147368421,-6,40,0.317286652,0,0.503282276,0,0.115973742,0,0.015317287,0,0.002188184,0,-0.01750547,280.6965332,0.037602634,0.07261477,47.06485748,227293.9978,9.8,40016.7,0.4085,0,0,0.146341463,0.56097561,2.69,0.01661126,0.895151411,0.872759734
NiwotLTER,7/22/2014,7,22,GL1.LS,GL1,Green Lakes Valley,City of Boulder Watershed,surface,NATURAL,40.0509611,-105.6056944,14,243.2,4,11.6,44.7,0.02,1.55,203,2014,0,3425,1,1.3,0.17,0.05,7,0.57,0,15.05,41.69,12.599999,9.296667,1.2225048,1.061735,28.4,1.494736842,-4,29,0.317286652,0,0.503282276,0,0.115973742,0,0.015317287,0,0.002188184,0,-0.01750547,280.6965332,0.037602634,0.07261477,47.06485748,227293.9978,9.8,40016.7,0.4085,0,0,0.146341463,0.56097561,5.92,0.025289783,0.688456406,0.689587938
NiwotLTER,8/5/2014,8,5,GL1.LS,GL1,Green Lakes Valley,City of Boulder Watershed,surface,NATURAL,40.0509611,-105.6056944,14,65,4,11.7,43.4,0.02,3.41,217,2014,0,3425,1,0.98,0.1,0.027,7,0.57,2.71,46.22,91.59,8.9,9.613333,1.2225048,1.061735,28.4,1.494736842,-4,43,0.317286652,0,0.503282276,0,0.115973742,0,0.015317287,0,0.002188184,0,-0.01750547,280.6965332,0.037602634,0.07261477,47.06485748,227293.9978,9.8,40016.7,0.4085,0,0,0.146341463,0.56097561,5.92,0.025289783,0.688456406,0.689587938
NiwotLTER,7/21/2016,7,21,GL1.LH,GL1,Green Lakes Valley,City of Boulder Watershed,hypolimnion,NATURAL,40.0509611,-105.6056944,14,484.1,7,11.75,48.9,10.19,0.6,203,2016,1,3425,1,1.05,0.131,0.072,7,0.57,1.435,7.368,33.194,13.243001,10.942601,0.3599947,1.1651942,21.6,1.136842105,3,36,0.317286652,0,0.503282276,0,0.115973742,0,0.015317287,0,0.002188184,0,-0.01750547,280.6965332,0.037602634,0.07261477,47.06485748,227293.9978,9.8,40016.7,0.4085,0,0,0.146341463,0.56097561,3.62,0.023374653,0.682674136,0.68657099
NiwotLTER,8/2/2016,8,2,GL4.LS,GL4,Green Lakes Valley,City of Boulder Watershed,surface,NATURAL,40.0553889,-105.6203417,15,143,2.3,11.76,14.33,2.38,0.93,215,2016,0,3550,0,0.58,0.06,0.002,13,0.38,0,6.32,15.697,11.854,11.693834,0.3599947,1.1651942,21.6,1.136842105,3,48,0.60375051,0,0.066041582,0.002853649,0.316754994,0.001630656,0.023644517,0,0,0,-0.025275173,520.6628418,0.026883813,0.007687487,67.24014282,205694.3704,1.87,41311.8,2.20791,0.03495,0.01582945,0.3,0.695238095,3.72,0.023374653,0.690816496,0.68657099
NiwotLTER,8/19/2014,8,19,GL1.LH,GL1,Green Lakes Valley,City of Boulder Watershed,hypolimnion,NATURAL,40.0509611,-105.6056944,14,251.3,6.5,11.85,44.3,0.01,0.9,231,2014,1,3425,1,1.13,0.102,0.021,7,0.57,0.02,6.02,75.12,10.29,9.330667,0.7883221,0.9192982,28.4,1.494736842,-4,57,0.317286652,0,0.503282276,0,0.115973742,0,0.015317287,0,0.002188184,0,-0.01750547,280.6965332,0.037602634,0.07261477,47.06485748,227293.9978,9.8,40016.7,0.4085,0,0,0.146341463,0.56097561,5.92,0.025289783,0.688456406,0.689587938
NiwotLTER,8/4/2015,8,4,GL1.LS,GL1,Green Lakes Valley,City of Boulder Watershed,surface,NATURAL,40.0509611,-105.6056944,14,243.2,3.9,11.95,48.2,11.28,1.55,216,2015,0,3425,1,1.17,0.17,0.052,7,0.57,0,1.09,79.23,8.905001,9.0867,1.2242441,0.9691325,21.8,1.147368421,-6,40,0.317286652,0,0.503282276,0,0.115973742,0,0.015317287,0,0.002188184,0,-0.01750547,280.6965332,0.037602634,0.07261477,47.06485748,227293.9978,9.8,40016.7,0.4085,0,0,0.146341463,0.56097561,2.69,0.01661126,0.895151411,0.872759734
NiwotLTER,8/13/2015,8,13,GL1.LH,GL1,Green Lakes Valley,City of Boulder Watershed,hypolimnion,NATURAL,40.0509611,-105.6056944,14,129.5,5,11.99,48.5,11.86,1.9,225,2015,1,3425,1,1.18,0.111,0.042,7,0.57,0.99,4.34,20.45,11.209001,9.8975,1.2242441,0.9691325,21.8,1.147368421,-6,49,0.317286652,0,0.503282276,0,0.115973742,0,0.015317287,0,0.002188184,0,-0.01750547,280.6965332,0.037602634,0.07261477,47.06485748,227293.9978,9.8,40016.7,0.4085,0,0,0.146341463,0.56097561,2.69,0.01661126,0.895151411,0.872759734
NiwotLTER,8/18/2016,8,18,GL1.LH,GL1,Green Lakes Valley,City of Boulder Watershed,hypolimnion,NATURAL,40.0509611,-105.6056944,14,74.3,NA,12,50.8,1.15,4,231,2016,1,3425,1,1.17,0.134,0.027,7,0.57,0.001,2.509,31.351,9.626,10.903734,1.0635839,0.9624561,21.6,1.136842105,3,64,0.317286652,0,0.503282276,0,0.115973742,0,0.015317287,0,0.002188184,0,-0.01750547,280.6965332,0.037602634,0.07261477,47.06485748,227293.9978,9.8,40016.7,0.4085,0,0,0.146341463,0.56097561,3.62,0.023374653,0.682674136,0.68657099
NiwotLTER,8/13/2015,8,13,GL1.LS,GL1,Green Lakes Valley,City of Boulder Watershed,surface,NATURAL,40.0509611,-105.6056944,14,697.3,5,12.13,49.2,12.68,1.24,225,2015,0,3425,1,2,0.39,0.04,7,0.57,0.99,4.34,20.45,11.209001,9.8975,1.2242441,0.9691325,21.8,1.147368421,-6,49,0.317286652,0,0.503282276,0,0.115973742,0,0.015317287,0,0.002188184,0,-0.01750547,280.6965332,0.037602634,0.07261477,47.06485748,227293.9978,9.8,40016.7,0.4085,0,0,0.146341463,0.56097561,2.69,0.01661126,0.895151411,0.872759734
NiwotLTER,8/19/2014,8,19,GL1.LS,GL1,Green Lakes Valley,City of Boulder Watershed,surface,NATURAL,40.0509611,-105.6056944,14,214.6,6.5,12.15,44.8,0.01,1.24,231,2014,0,3425,1,1.16,0.12,0.021,7,0.57,0.02,6.02,75.12,10.29,9.330667,0.7883221,0.9192982,28.4,1.494736842,-4,57,0.317286652,0,0.503282276,0,0.115973742,0,0.015317287,0,0.002188184,0,-0.01750547,280.6965332,0.037602634,0.07261477,47.06485748,227293.9978,9.8,40016.7,0.4085,0,0,0.146341463,0.56097561,5.92,0.025289783,0.688456406,0.689587938
NiwotLTER,8/18/2016,8,18,GL1.LS,GL1,Green Lakes Valley,City of Boulder Watershed,surface,NATURAL,40.0509611,-105.6056944,14,393.4,NA,12.56,50.4,5.6,0.62,231,2016,0,3425,1,1.35,0.11,NA,7,0.57,0.001,2.509,31.351,9.626,10.903734,1.0635839,0.9624561,21.6,1.136842105,3,64,0.317286652,0,0.503282276,0,0.115973742,0,0.015317287,0,0.002188184,0,-0.01750547,280.6965332,0.037602634,0.07261477,47.06485748,227293.9978,9.8,40016.7,0.4085,0,0,0.146341463,0.56097561,3.62,0.023374653,0.682674136,0.68657099
NiwotLTER,7/29/2014,7,29,GL1.LS,GL1,Green Lakes Valley,City of Boulder Watershed,surface,NATURAL,40.0509611,-105.6056944,14,178.8,NA,12.75,46.3,0.03,1.86,210,2014,0,3425,1,1.1,0.15,0.032,7,0.57,3.27,10.83,49.31,9.389999,10.240167,1.2225048,1.061735,28.4,1.494736842,-4,36,0.317286652,0,0.503282276,0,0.115973742,0,0.015317287,0,0.002188184,0,-0.01750547,280.6965332,0.037602634,0.07261477,47.06485748,227293.9978,9.8,40016.7,0.4085,0,0,0.146341463,0.56097561,5.92,0.025289783,0.688456406,0.689587938
NiwotLTER,7/21/2016,7,21,GL1.LS,GL1,Green Lakes Valley,City of Boulder Watershed,surface,NATURAL,40.0509611,-105.6056944,14,1287.4,7,12.76,49.4,2.31,0.31,203,2016,0,3425,1,1.2,0.18,0.085,7,0.57,1.435,7.368,33.194,13.243001,10.942601,0.3599947,1.1651942,21.6,1.136842105,3,36,0.317286652,0,0.503282276,0,0.115973742,0,0.015317287,0,0.002188184,0,-0.01750547,280.6965332,0.037602634,0.07261477,47.06485748,227293.9978,9.8,40016.7,0.4085,0,0,0.146341463,0.56097561,3.62,0.023374653,0.682674136,0.68657099
NiwotLTER,7/30/2015,7,30,GL1.LS,GL1,Green Lakes Valley,City of Boulder Watershed,surface,NATURAL,40.0509611,-105.6056944,14,92,3.5,13.24,47.5,17.96,4.34,211,2015,0,3425,1,1.22,0.18,0.06,7,0.57,0,0,91.5,9.150001,9.1229,1.2242441,0.9691325,21.8,1.147368421,-6,35,0.317286652,0,0.503282276,0,0.115973742,0,0.015317287,0,0.002188184,0,-0.01750547,280.6965332,0.037602634,0.07261477,47.06485748,227293.9978,9.8,40016.7,0.4085,0,0,0.146341463,0.56097561,2.69,0.01661126,0.895151411,0.872759734
NiwotLTER,8/4/2016,8,4,GL1.LH,GL1,Green Lakes Valley,City of Boulder Watershed,hypolimnion,NATURAL,40.0509611,-105.6056944,14,223.2,4.5,13.31,49.5,2.12,1.5,217,2016,1,3425,1,1.18,0.151,0.059,7,0.57,0,7.134,16.485,12.453001,11.768367,0.3599947,1.1651942,21.6,1.136842105,3,50,0.317286652,0,0.503282276,0,0.115973742,0,0.015317287,0,0.002188184,0,-0.01750547,280.6965332,0.037602634,0.07261477,47.06485748,227293.9978,9.8,40016.7,0.4085,0,0,0.146341463,0.56097561,3.62,0.023374653,0.682674136,0.68657099
NiwotLTER,8/4/2016,8,4,GL1.LS,GL1,Green Lakes Valley,City of Boulder Watershed,surface,NATURAL,40.0509611,-105.6056944,14,143,NA,13.58,48.9,1.51,2.17,217,2016,0,3425,1,1.22,0.14,0.054,7,0.57,0,7.134,16.485,12.453001,11.768367,0.3599947,1.1651942,21.6,1.136842105,3,50,0.317286652,0,0.503282276,0,0.115973742,0,0.015317287,0,0.002188184,0,-0.01750547,280.6965332,0.037602634,0.07261477,47.06485748,227293.9978,9.8,40016.7,0.4085,0,0,0.146341463,0.56097561,3.62,0.023374653,0.682674136,0.68657099
NiwotLTER,7/15/2010,7,15,GL4.LS,GL4,Green Lakes Valley,City of Boulder Watershed,surface,NATURAL,40.0553889,-105.6203417,15,739.1,NA,NA,11.4,0.71,0.6,196,2010,0,3561,0,0.599,0.2,0.133,13.1,0.38,0.07,5.32,36.28,11.715,8.5635,0.87677282,1.0351251,17.6,0.926315789,2,28,0.60375051,0,0.066041582,0.002853649,0.316754994,0.001630656,0.023644517,0,0,0,-0.025275173,520.6628418,0.026883813,0.007687487,67.24014282,205694.3704,1.87,41311.8,2.20791,0.03495,0.01582945,0.3,0.695238095,2.71,0.017135495,1.528406169,1.575816185
NiwotLTER,7/22/2010,7,22,GL4.LH,GL4,Green Lakes Valley,City of Boulder Watershed,hypolimnion,NATURAL,40.0553889,-105.6203417,15,554.3,NA,NA,11,1.47,0.6,203,2010,1,3561,0,0.616,0.15,0.105,13.1,0.38,0.37,4.77,41.05,10,9.428,0.87677282,1.0351251,17.6,0.926315789,2,35,0.60375051,0,0.066041582,0.002853649,0.316754994,0.001630656,0.023644517,0,0,0,-0.025275173,520.6628418,0.026883813,0.007687487,67.24014282,205694.3704,1.87,41311.8,2.20791,0.03495,0.01582945,0.3,0.695238095,2.71,0.017135495,1.528406169,1.575816185
NiwotLTER,8/4/2010,8,4,GL4.LS,GL4,Green Lakes Valley,City of Boulder Watershed,surface,NATURAL,40.0553889,-105.6203417,15,443.4,NA,NA,12.05,2.26,0.6,216,2010,0,3561,0,0.474,0.12,0.049,13.1,0.38,9.02,56.35,82.45,8.225,9.853,0.87677282,1.0351251,17.6,0.926315789,2,48,0.60375051,0,0.066041582,0.002853649,0.316754994,0.001630656,0.023644517,0,0,0,-0.025275173,520.6628418,0.026883813,0.007687487,67.24014282,205694.3704,1.87,41311.8,2.20791,0.03495,0.01582945,0.3,0.695238095,2.71,0.017135495,1.528406169,1.575816185
NiwotLTER,7/8/2010,7,8,GL4.LS,GL4,Green Lakes Valley,City of Boulder Watershed,surface,NATURAL,40.0553889,-105.6203417,15,629.9,NA,NA,11.07,0.4,0.88,189,2010,0,3561,0,0.658,0.25,0.176,13.1,0.38,8.71,26.79,98.26,3.705,7.482333,1.19609862,1.2053872,17.6,0.926315789,2,21,0.60375051,0,0.066041582,0.002853649,0.316754994,0.001630656,0.023644517,0,0,0,-0.025275173,520.6628418,0.026883813,0.007687487,67.24014282,205694.3704,1.87,41311.8,2.20791,0.03495,0.01582945,0.3,0.695238095,2.71,0.017135495,1.528406169,1.575816185
NiwotLTER,7/29/2010,7,29,GL4.LH,GL4,Green Lakes Valley,City of Boulder Watershed,hypolimnion,NATURAL,40.0553889,-105.6203417,15,140.8,NA,NA,10.88,3.33,1.89,210,2010,1,3561,0,0.815,0.12,0.067,13.1,0.38,8.07,11.03,49.75,10.264999,9.808333,0.87677282,1.0351251,17.6,0.926315789,2,42,0.60375051,0,0.066041582,0.002853649,0.316754994,0.001630656,0.023644517,0,0,0,-0.025275173,520.6628418,0.026883813,0.007687487,67.24014282,205694.3704,1.87,41311.8,2.20791,0.03495,0.01582945,0.3,0.695238095,2.71,0.017135495,1.528406169,1.575816185
NiwotLTER,8/4/2010,8,4,GL4.LH,GL4,Green Lakes Valley,City of Boulder Watershed,hypolimnion,NATURAL,40.0553889,-105.6203417,15,132.8,NA,NA,11.65,2.12,2.17,216,2010,1,3561,0,0.454,0.13,0.079,13.1,0.38,9.02,56.35,82.45,8.225,9.853,0.87677282,1.0351251,17.6,0.926315789,2,48,0.60375051,0,0.066041582,0.002853649,0.316754994,0.001630656,0.023644517,0,0,0,-0.025275173,520.6628418,0.026883813,0.007687487,67.24014282,205694.3704,1.87,41311.8,2.20791,0.03495,0.01582945,0.3,0.695238095,2.71,0.017135495,1.528406169,1.575816185
NiwotLTER,7/28/2009,7,28,GL4.LH,GL4,Green Lakes Valley,City of Boulder Watershed,hypolimnion,NATURAL,40.0553889,-105.6203417,15,79.4,NA,NA,11.63,0.41,3.35,209,2009,1,3561,0,0.485,0.12,0.074,13.1,0.38,4.27,8.86,26.84,8.045,9.838667,0.67781645,0.9749866,19.3,1.015789474,-2,37,0.60375051,0,0.066041582,0.002853649,0.316754994,0.001630656,0.023644517,0,0,0,-0.025275173,520.6628418,0.026883813,0.007687487,67.24014282,205694.3704,1.87,41311.8,2.20791,0.03495,0.01582945,0.3,0.695238095,2.57,0.017851144,1.491806845,1.476978011
NiwotLTER,7/8/2010,7,8,GL4.LH,GL4,Green Lakes Valley,City of Boulder Watershed,hypolimnion,NATURAL,40.0553889,-105.6203417,15,138.2,NA,NA,11.19,0.81,3.69,189,2010,1,3561,0,0.609,0.23,0.182,13.1,0.38,8.71,26.79,98.26,3.705,7.482333,1.19609862,1.2053872,17.6,0.926315789,2,21,0.60375051,0,0.066041582,0.002853649,0.316754994,0.001630656,0.023644517,0,0,0,-0.025275173,520.6628418,0.026883813,0.007687487,67.24014282,205694.3704,1.87,41311.8,2.20791,0.03495,0.01582945,0.3,0.695238095,2.71,0.017135495,1.528406169,1.575816185
NiwotLTER,7/29/2010,7,29,GL4.LS,GL4,Green Lakes Valley,City of Boulder Watershed,surface,NATURAL,40.0553889,-105.6203417,15,126.2,NA,NA,11.61,1.12,3.69,210,2010,0,3561,0,0.837,0.21,0.12,13.1,0.38,8.07,11.03,49.75,10.264999,9.808333,0.87677282,1.0351251,17.6,0.926315789,2,42,0.60375051,0,0.066041582,0.002853649,0.316754994,0.001630656,0.023644517,0,0,0,-0.025275173,520.6628418,0.026883813,0.007687487,67.24014282,205694.3704,1.87,41311.8,2.20791,0.03495,0.01582945,0.3,0.695238095,2.71,0.017135495,1.528406169,1.575816185
NiwotLTER,7/22/2010,7,22,GL4.LS,GL4,Green Lakes Valley,City of Boulder Watershed,surface,NATURAL,40.0553889,-105.6203417,15,87.3,NA,NA,11.01,1.43,3.81,203,2010,0,3561,0,0.642,0.15,0.088,13.1,0.38,0.37,4.77,41.05,10,9.428,0.87677282,1.0351251,17.6,0.926315789,2,35,0.60375051,0,0.066041582,0.002853649,0.316754994,0.001630656,0.023644517,0,0,0,-0.025275173,520.6628418,0.026883813,0.007687487,67.24014282,205694.3704,1.87,41311.8,2.20791,0.03495,0.01582945,0.3,0.695238095,2.71,0.017135495,1.528406169,1.575816185
NiwotLTER,7/14/2009,7,14,GL4.LS,GL4,Green Lakes Valley,City of Boulder Watershed,surface,NATURAL,40.0553889,-105.6203417,15,76.7,NA,NA,12.56,0.3,5.2,195,2009,0,3561,0,0.439,0.18,0.152,13.1,0.38,0,2.94,56.07,9.905001,8.414833,1.4139288,0.9183501,19.3,1.015789474,-2,23,0.60375051,0,0.066041582,0.002853649,0.316754994,0.001630656,0.023644517,0,0,0,-0.025275173,520.6628418,0.026883813,0.007687487,67.24014282,205694.3704,1.87,41311.8,2.20791,0.03495,0.01582945,0.3,0.695238095,2.57,0.017851144,1.491806845,1.476978011
NiwotLTER,7/14/2009,7,14,GL4.LH,GL4,Green Lakes Valley,City of Boulder Watershed,hypolimnion,NATURAL,40.0553889,-105.6203417,15,63.6,NA,NA,12.22,0.27,6.97,195,2009,1,3561,0,0.357,0.2,0.152,13.1,0.38,0,2.94,56.07,9.905001,8.414833,1.4139288,0.9183501,19.3,1.015789474,-2,23,0.60375051,0,0.066041582,0.002853649,0.316754994,0.001630656,0.023644517,0,0,0,-0.025275173,520.6628418,0.026883813,0.007687487,67.24014282,205694.3704,1.87,41311.8,2.20791,0.03495,0.01582945,0.3,0.695238095,2.57,0.017851144,1.491806845,1.476978011
NiwotLTER,8/7/2008,8,7,GL4.LS,GL4,Green Lakes Valley,City of Boulder Watershed,surface,NATURAL,40.0553889,-105.6203417,15,43.2,NA,NA,14.44,2.91,7.18,220,2008,0,3561,0,0.81,0.14,0.081,13.1,0.38,8.65,24.64,45.33,10.025,11.252333,0.4042012,1.1357104,18.2,0.957894737,-5,45,0.60375051,0,0.066041582,0.002853649,0.316754994,0.001630656,0.023644517,0,0,0,-0.025275173,520.6628418,0.026883813,0.007687487,67.24014282,205694.3704,1.87,41311.8,2.20791,0.03495,0.01582945,0.3,0.695238095,3.19,0.020320645,1.277816276,1.290957106
NiwotLTER,7/28/2009,7,28,GL4.LS,GL4,Green Lakes Valley,City of Boulder Watershed,surface,NATURAL,40.0553889,-105.6203417,15,33.2,NA,NA,11.64,0.2,10.03,209,2009,0,3561,0,0.664,0.15,0.065,13.1,0.38,4.27,8.86,26.84,8.045,9.838667,0.67781645,0.9749866,19.3,1.015789474,-2,37,0.60375051,0,0.066041582,0.002853649,0.316754994,0.001630656,0.023644517,0,0,0,-0.025275173,520.6628418,0.026883813,0.007687487,67.24014282,205694.3704,1.87,41311.8,2.20791,0.03495,0.01582945,0.3,0.695238095,2.57,0.017851144,1.491806845,1.476978011
NiwotLTER,7/21/2009,7,21,GL4.LH,GL4,Green Lakes Valley,City of Boulder Watershed,hypolimnion,NATURAL,40.0553889,-105.6203417,15,NA,NA,NA,11.78,0.4,NA,202,2009,1,3561,0,0.584,0.14,0.101,13.1,0.38,1.44,3.63,44.9,10.53,9.604167,0.67781645,0.9749866,19.3,1.015789474,-2,30,0.60375051,0,0.066041582,0.002853649,0.316754994,0.001630656,0.023644517,0,0,0,-0.025275173,520.6628418,0.026883813,0.007687487,67.24014282,205694.3704,1.87,41311.8,2.20791,0.03495,0.01582945,0.3,0.695238095,2.57,0.017851144,1.491806845,1.476978011
NiwotLTER,7/21/2009,7,21,GL4.LS,GL4,Green Lakes Valley,City of Boulder Watershed,surface,NATURAL,40.0553889,-105.6203417,15,NA,NA,NA,11.96,0.38,NA,202,2009,0,3561,0,0.847,0.17,0.098,13.1,0.38,1.44,3.63,44.9,10.53,9.604167,0.67781645,0.9749866,19.3,1.015789474,-2,30,0.60375051,0,0.066041582,0.002853649,0.316754994,0.001630656,0.023644517,0,0,0,-0.025275173,520.6628418,0.026883813,0.007687487,67.24014282,205694.3704,1.87,41311.8,2.20791,0.03495,0.01582945,0.3,0.695238095,2.57,0.017851144,1.491806845,1.476978011
