"dataset_ID","date_sampled","month","day","site_ID","name","region","ownership","site_type","lake_origin","LAT_DD","LON_DD","lake_ID_num","NtoP","NtoTP","secchi","TEMP","COND","chl_a","TDP_P","TP_P","Ordinal_date","year","site_type_num","elevation_m","FISH","DOC","TDN","NO3_N","max_depth_m","TOC","ppt_day","ppt_week","ppt_month","tmean_day","tmean_week","tmean_month","ppt_percent_normal","tmean_percent_normal","Max_SWE","SWE_pernorm","Difference_SnowFree","growing_season","barren2011","forest2011","shrub2011","wetland2011","snow2011","water1992to2011","barren1992to2011","forest1992to2011","shrub1992to2011","wetland1992to2011","snow1992to2011","elevRANGE","northMEAN","eastMEAN","slopeMAX","radSUM","lake_perc_area","lake_surface_area_m2","WS_area_km2","rglac_km2","rglacPCT","GRANITE_PCT","BIOTITE_GNEISS_PCT","ndepload","ndepconc","no3_nh4_load","no3_nh4_conc"
"LVWS","5/9/2017",5,9,"Sky.LS","SkyPond","RMNP","National Park Service","surface","NATURAL",40.27814,-105.66837,30,474.4,94.9,NA,NA,NA,0.3,2.2,11,129,2017,0,3322,1,1.22,0.47,0.25,7.2,0.15,7.82600021362305,15.4350003004074,122.621000744402,5.04900026321411,4.42871456912586,0.569200058467686,1.52521525791258,-0.551692965543728,23.3,1.252688172,-6,-33,0.813545492,0,0.013871889,0,0.153406773,0,0.009383925,0,0,0,-0.009383925,696.7922363,0.001533721,0.015814093,82.01638794,171494.0177,1.87,41126,2.20429,0.14665,0.066529359,0.146118721,0.853881279,NA,NA,NA,NA
"LVWS","5/30/2017",5,30,"Loch.LH","TheLoch","RMNP","National Park Service","hypolimnion","NATURAL",40.2926,-105.65627,32,138.7,111,4.9,4.7,18.04,1.4,6.4,8,150,2017,1,3048,1,2.86,0.4,0.29,5,0.37,0.595000028610229,30.1980004310608,186.358002692461,2.81600022315979,3.37128589834486,2.65976682671656,1.84495584188717,1.08081259073898,23.3,1.252688172,-6,-12,0.704648074,0.077689243,0.063612218,0.002257636,0.135723772,0,0.004515272,0.002124834,-0.000664011,0,-0.005976096,902.5314941,-0.003156732,0.023514491,82.01638794,180812.1925,0.78,52731.4,6.77298,0.190325,0.028100629,0.066273932,0.933726068,NA,NA,NA,NA
"LVWS","5/30/2017",5,30,"Loch.LS","TheLoch","RMNP","National Park Service","surface","NATURAL",40.2926,-105.65627,32,553.4,110.7,4.9,4.9,17.95,1.7,1.6,8,150,2017,0,3048,1,2.91,0.4,0.27,5,0.37,0.595000028610229,30.1980004310608,186.358002692461,2.81600022315979,3.37128589834486,2.65976682671656,1.84495584188717,1.08081259073898,23.3,1.252688172,-6,-12,0.704648074,0.077689243,0.063612218,0.002257636,0.135723772,0,0.004515272,0.002124834,-0.000664011,0,-0.005976096,902.5314941,-0.003156732,0.023514491,82.01638794,180812.1925,0.78,52731.4,6.77298,0.190325,0.028100629,0.066273932,0.933726068,NA,NA,NA,NA
"LVWS","6/22/2017",6,22,"Sky.LH","SkyPond","RMNP","National Park Service","hypolimnion","NATURAL",40.27814,-105.66837,30,85.1,68.1,4.2,5.3,13.31,2.9,10.4,13,173,2017,1,3322,1,0.53,0.4,0.32,7.2,0.15,0,0.00800000037997961,43.1220003775088,15.5950002670288,11.3870006288801,7.90583370129267,0.239499762270692,1.28300567074581,23.3,1.252688172,-6,11,0.813545492,0,0.013871889,0,0.153406773,0,0.009383925,0,0,0,-0.009383925,696.7922363,0.001533721,0.015814093,82.01638794,171494.0177,1.87,41126,2.20429,0.14665,0.066529359,0.146118721,0.853881279,NA,NA,NA,NA
"LVWS","6/22/2017",6,22,"Sky.LS","SkyPond","RMNP","National Park Service","surface","NATURAL",40.27814,-105.66837,30,367.4,73.5,4.2,5.9,13.32,2.8,2.4,12,173,2017,0,3322,1,0.54,0.4,0.3,7.2,0.15,0,0.00800000037997961,43.1220003775088,15.5950002670288,11.3870006288801,7.90583370129267,0.239499762270692,1.28300567074581,23.3,1.252688172,-6,11,0.813545492,0,0.013871889,0,0.153406773,0,0.009383925,0,0,0,-0.009383925,696.7922363,0.001533721,0.015814093,82.01638794,171494.0177,1.87,41126,2.20429,0.14665,0.066529359,0.146118721,0.853881279,NA,NA,NA,NA
"LVWS","6/27/2017",6,27,"Loch.LH","TheLoch","RMNP","National Park Service","hypolimnion","NATURAL",40.2926,-105.65627,32,84,67.2,4.6,8.1,11.8,1.9,8,10,178,2017,1,3048,1,1.19,0.3,0.21,5,0.37,0,1.11499999370426,14.6259999683825,10.0530004501343,10.180000441415,8.70236707528432,0.239499762270692,1.28300567074581,23.3,1.252688172,-6,16,0.704648074,0.077689243,0.063612218,0.002257636,0.135723772,0,0.004515272,0.002124834,-0.000664011,0,-0.005976096,902.5314941,-0.003156732,0.023514491,82.01638794,180812.1925,0.78,52731.4,6.77298,0.190325,0.028100629,0.066273932,0.933726068,NA,NA,NA,NA
"LVWS","6/27/2017",6,27,"Loch.LS","TheLoch","RMNP","National Park Service","surface","NATURAL",40.2926,-105.65627,32,339.5,67.9,4.6,8.5,11.71,1.5,2.2,11,178,2017,0,3048,1,1.11,0.34,0.2,5,0.37,0,1.11499999370426,14.6259999683825,10.0530004501343,10.180000441415,8.70236707528432,0.239499762270692,1.28300567074581,23.3,1.252688172,-6,16,0.704648074,0.077689243,0.063612218,0.002257636,0.135723772,0,0.004515272,0.002124834,-0.000664011,0,-0.005976096,902.5314941,-0.003156732,0.023514491,82.01638794,180812.1925,0.78,52731.4,6.77298,0.190325,0.028100629,0.066273932,0.933726068,NA,NA,NA,NA
"LVWS","6/28/2017",6,28,"Sky.LH","SkyPond","RMNP","National Park Service","hypolimnion","NATURAL",40.27814,-105.66837,30,76.3,61,NA,6.3,12.36,4.2,10.4,13,179,2017,1,3322,1,0.61,0.36,0.31,7.2,0.15,0,1.10699999332428,14.6259999683825,12.0860004425049,9.90428611210414,9.00423374970754,0.239499762270692,1.28300567074581,23.3,1.252688172,-6,17,0.813545492,0,0.013871889,0,0.153406773,0,0.009383925,0,0,0,-0.009383925,696.7922363,0.001533721,0.015814093,82.01638794,171494.0177,1.87,41126,2.20429,0.14665,0.066529359,0.146118721,0.853881279,NA,NA,NA,NA
"LVWS","6/28/2017",6,28,"Sky.LS","SkyPond","RMNP","National Park Service","surface","NATURAL",40.27814,-105.66837,30,371.9,74.4,NA,6.5,12.31,1.6,2.2,11,179,2017,0,3322,1,0.64,0.37,0.32,7.2,0.15,0,1.10699999332428,14.6259999683825,12.0860004425049,9.90428611210414,9.00423374970754,0.239499762270692,1.28300567074581,23.3,1.252688172,-6,17,0.813545492,0,0.013871889,0,0.153406773,0,0.009383925,0,0,0,-0.009383925,696.7922363,0.001533721,0.015814093,82.01638794,171494.0177,1.87,41126,2.20429,0.14665,0.066529359,0.146118721,0.853881279,NA,NA,NA,NA
"LVWS","7/25/2017",7,25,"Loch.LH","TheLoch","RMNP","National Park Service","hypolimnion","NATURAL",40.2926,-105.65627,32,55.1,44.1,NA,9.4,11.98,2,8.8,11,206,2017,1,3048,1,0.58,0.22,0.15,5,0.37,0.370000004768372,27.5829998254776,45.7319998554885,15.1880006790161,13.7220006670271,12.0643005371094,1.21852924503874,1.11842470006431,23.3,1.252688172,-6,44,0.704648074,0.077689243,0.063612218,0.002257636,0.135723772,0,0.004515272,0.002124834,-0.000664011,0,-0.005976096,902.5314941,-0.003156732,0.023514491,82.01638794,180812.1925,0.78,52731.4,6.77298,0.190325,0.028100629,0.066273932,0.933726068,NA,NA,NA,NA
"LVWS","7/25/2017",7,25,"Sky.LH","SkyPond","RMNP","National Park Service","hypolimnion","NATURAL",40.27814,-105.66837,30,66.5,53.2,NA,5.7,NA,4.6,11.2,14,206,2017,1,3322,1,0.76,0.34,0.25,7.2,0.15,0.370000004768372,27.5829998254776,45.7319998554885,15.1880006790161,13.7220006670271,12.0643005371094,1.21852924503874,1.11842470006431,23.3,1.252688172,-6,44,0.813545492,0,0.013871889,0,0.153406773,0,0.009383925,0,0,0,-0.009383925,696.7922363,0.001533721,0.015814093,82.01638794,171494.0177,1.87,41126,2.20429,0.14665,0.066529359,0.146118721,0.853881279,NA,NA,NA,NA
"LVWS","7/25/2017",7,25,"Loch.LS","TheLoch","RMNP","National Park Service","surface","NATURAL",40.2926,-105.65627,32,367.4,73.5,NA,11.9,11.69,1.1,1.8,9,206,2017,0,3048,1,1.03,0.3,0.14,5,0.37,0.370000004768372,27.5829998254776,45.7319998554885,15.1880006790161,13.7220006670271,12.0643005371094,1.21852924503874,1.11842470006431,23.3,1.252688172,-6,44,0.704648074,0.077689243,0.063612218,0.002257636,0.135723772,0,0.004515272,0.002124834,-0.000664011,0,-0.005976096,902.5314941,-0.003156732,0.023514491,82.01638794,180812.1925,0.78,52731.4,6.77298,0.190325,0.028100629,0.066273932,0.933726068,NA,NA,NA,NA
"LVWS","7/25/2017",7,25,"Sky.LS","SkyPond","RMNP","National Park Service","surface","NATURAL",40.27814,-105.66837,30,315.1,63,NA,7.5,9.09,4.8,2.4,12,206,2017,0,3322,1,0.81,0.34,0.15,7.2,0.15,0.370000004768372,27.5829998254776,45.7319998554885,15.1880006790161,13.7220006670271,12.0643005371094,1.21852924503874,1.11842470006431,23.3,1.252688172,-6,44,0.813545492,0,0.013871889,0,0.153406773,0,0.009383925,0,0,0,-0.009383925,696.7922363,0.001533721,0.015814093,82.01638794,171494.0177,1.87,41126,2.20429,0.14665,0.066529359,0.146118721,0.853881279,NA,NA,NA,NA
"LVWS","8/30/2017",8,30,"Sky.LH","SkyPond","RMNP","National Park Service","hypolimnion","NATURAL",40.27814,-105.66837,30,51.4,41.1,2,7.2,11.64,9.7,9.6,12,242,2017,1,3322,1,0.48,0.22,0.22,7.2,0.15,0.609000027179718,9.65799981355667,75.151999418973,12.0420007705688,11.1824291774205,10.1355338732402,1.20419958780311,1.00212980802711,23.3,1.252688172,-6,80,0.813545492,0,0.013871889,0,0.153406773,0,0.009383925,0,0,0,-0.009383925,696.7922363,0.001533721,0.015814093,82.01638794,171494.0177,1.87,41126,2.20429,0.14665,0.066529359,0.146118721,0.853881279,NA,NA,NA,NA
"LVWS","8/30/2017",8,30,"Sky.LS","SkyPond","RMNP","National Park Service","surface","NATURAL",40.27814,-105.66837,30,230.9,46.2,2,9.2,12.25,9,2,10,242,2017,0,3322,1,0.52,0.21,0.16,7.2,0.15,0.609000027179718,9.65799981355667,75.151999418973,12.0420007705688,11.1824291774205,10.1355338732402,1.20419958780311,1.00212980802711,23.3,1.252688172,-6,80,0.813545492,0,0.013871889,0,0.153406773,0,0.009383925,0,0,0,-0.009383925,696.7922363,0.001533721,0.015814093,82.01638794,171494.0177,1.87,41126,2.20429,0.14665,0.066529359,0.146118721,0.853881279,NA,NA,NA,NA
"LVWS","9/6/2017",9,6,"Loch.LH","TheLoch","RMNP","National Park Service","hypolimnion","NATURAL",40.2926,-105.65627,32,63.8,51.1,5,11.2,NA,2.1,8.8,11,249,2017,1,3048,1,0.8,0.25,0.16,5,0.37,0,2.34400010108948,63.0979997565737,6.51200008392334,11.3701436179025,10.3817672729492,1.20419958780311,1.00212980802711,23.3,1.252688172,-6,87,0.704648074,0.077689243,0.063612218,0.002257636,0.135723772,0,0.004515272,0.002124834,-0.000664011,0,-0.005976096,902.5314941,-0.003156732,0.023514491,82.01638794,180812.1925,0.78,52731.4,6.77298,0.190325,0.028100629,0.066273932,0.933726068,NA,NA,NA,NA
"LVWS","9/6/2017",9,6,"Loch.LS","TheLoch","RMNP","National Park Service","surface","NATURAL",40.2926,-105.65627,32,316.5,63.3,5,12.3,13.71,9.8,2,10,249,2017,0,3048,1,0.94,0.29,0.18,5,0.37,0,2.34400010108948,63.0979997565737,6.51200008392334,11.3701436179025,10.3817672729492,1.20419958780311,1.00212980802711,23.3,1.252688172,-6,87,0.704648074,0.077689243,0.063612218,0.002257636,0.135723772,0,0.004515272,0.002124834,-0.000664011,0,-0.005976096,902.5314941,-0.003156732,0.023514491,82.01638794,180812.1925,0.78,52731.4,6.77298,0.190325,0.028100629,0.066273932,0.933726068,NA,NA,NA,NA
"LVWS","9/6/2017",9,6,"Sky.LS","SkyPond","RMNP","National Park Service","surface","NATURAL",40.27814,-105.66837,30,218,43.6,NA,8.9,12.08,2.1,2.2,11,249,2017,0,3322,1,0.57,0.22,0.13,7.2,0.15,0,2.34400010108948,63.0979997565737,6.51200008392334,11.3701436179025,10.3817672729492,1.20419958780311,1.00212980802711,23.3,1.252688172,-6,87,0.813545492,0,0.013871889,0,0.153406773,0,0.009383925,0,0,0,-0.009383925,696.7922363,0.001533721,0.015814093,82.01638794,171494.0177,1.87,41126,2.20429,0.14665,0.066529359,0.146118721,0.853881279,NA,NA,NA,NA
"LVWS","9/27/2017",9,27,"Loch.LS","TheLoch","RMNP","National Park Service","surface","NATURAL",40.2926,-105.65627,32,551.5,110.3,NA,5.9,16.98,2.9,1.2,6,270,2017,0,3048,1,0.74,0.3,0.18,5,0.37,0.397000014781952,21.5460001155734,43.0650000022724,0.117000006139278,3.70842872666461,8.55166711087028,0.921111657648795,1.23487793490863,23.3,1.252688172,-6,108,0.704648074,0.077689243,0.063612218,0.002257636,0.135723772,0,0.004515272,0.002124834,-0.000664011,0,-0.005976096,902.5314941,-0.003156732,0.023514491,82.01638794,180812.1925,0.78,52731.4,6.77298,0.190325,0.028100629,0.066273932,0.933726068,NA,NA,NA,NA
"LVWS","9/27/2017",9,27,"Sky.LS","SkyPond","RMNP","National Park Service","surface","NATURAL",40.27814,-105.66837,30,326.6,65.3,NA,5.2,13.5,7.7,2,10,270,2017,0,3322,1,0.34,0.3,0.2,7.2,0.15,0.397000014781952,21.5460001155734,43.0650000022724,0.117000006139278,3.70842872666461,8.55166711087028,0.921111657648795,1.23487793490863,23.3,1.252688172,-6,108,0.813545492,0,0.013871889,0,0.153406773,0,0.009383925,0,0,0,-0.009383925,696.7922363,0.001533721,0.015814093,82.01638794,171494.0177,1.87,41126,2.20429,0.14665,0.066529359,0.146118721,0.853881279,NA,NA,NA,NA
"LVWS","5/31/2016",5,31,"Loch.LH","TheLoch","RMNP","National Park Service","hypolimnion","NATURAL",40.2926,-105.65627,32,157.1,125.7,4.7,4.2,15.5,0.64,4.8,6,152,2016,1,3048,1,2.8,0.341,0.183,5,0.37,0.555999994277954,9.75000023841858,114.898999109864,6.14100027084351,3.67328591006143,2.40333343440046,1.20822687542349,0.855078971977907,18,0.967741935,-1,-5,0.704648074,0.077689243,0.063612218,0.002257636,0.135723772,0,0.004515272,0.002124834,-0.000664011,0,-0.005976096,902.5314941,-0.003156732,0.023514491,82.01638794,180812.1925,0.78,52731.4,6.77298,0.190325,0.028100629,0.066273932,0.933726068,4.24,0.025682877,0.661675182,0.6545698
"LVWS","5/31/2016",5,31,"Loch.LS","TheLoch","RMNP","National Park Service","surface","NATURAL",40.2926,-105.65627,32,443.6,107.1,4.7,3.2,15.7,0.33,1.69,7,152,2016,0,3048,1,2.83,0.339,0.172,5,0.37,0.555999994277954,9.75000023841858,114.898999109864,6.14100027084351,3.67328591006143,2.40333343440046,1.20822687542349,0.855078971977907,18,0.967741935,-1,-5,0.704648074,0.077689243,0.063612218,0.002257636,0.135723772,0,0.004515272,0.002124834,-0.000664011,0,-0.005976096,902.5314941,-0.003156732,0.023514491,82.01638794,180812.1925,0.78,52731.4,6.77298,0.190325,0.028100629,0.066273932,0.933726068,4.24,0.025682877,0.661675182,0.6545698
"LVWS","6/2/2016",6,2,"Loch.LH","TheLoch","RMNP","National Park Service","hypolimnion","NATURAL",40.2926,-105.65627,32,137.5,110,4.1,4.3,NA,0.38,6.4,8,154,2016,1,3048,1,2.84,0.398,0.229,5,0.37,0,9.75000023841858,110.674999132752,5.86800050735474,4.32614307744162,3.24690015409142,1.20822687542349,0.855078971977907,18,0.967741935,-1,-3,0.704648074,0.077689243,0.063612218,0.002257636,0.135723772,0,0.004515272,0.002124834,-0.000664011,0,-0.005976096,902.5314941,-0.003156732,0.023514491,82.01638794,180812.1925,0.78,52731.4,6.77298,0.190325,0.028100629,0.066273932,0.933726068,4.24,0.025682877,0.661675182,0.6545698
"LVWS","6/2/2016",6,2,"Loch.LS","TheLoch","RMNP","National Park Service","surface","NATURAL",40.2926,-105.65627,32,391.9,105.3,4.1,4.3,14.6,0.5,2.15,8,154,2016,0,3048,1,2.78,0.381,0.219,5,0.37,0,9.75000023841858,110.674999132752,5.86800050735474,4.32614307744162,3.24690015409142,1.20822687542349,0.855078971977907,18,0.967741935,-1,-3,0.704648074,0.077689243,0.063612218,0.002257636,0.135723772,0,0.004515272,0.002124834,-0.000664011,0,-0.005976096,902.5314941,-0.003156732,0.023514491,82.01638794,180812.1925,0.78,52731.4,6.77298,0.190325,0.028100629,0.066273932,0.933726068,4.24,0.025682877,0.661675182,0.6545698
"LVWS","6/7/2016",6,7,"Loch.LS","TheLoch","RMNP","National Park Service","surface","NATURAL",40.2926,-105.65627,32,686.4,105.7,4.2,6.5,14.4,0.92,1.54,10,159,2016,0,3048,1,2.56,0.478,0.3,5,0.37,1.60800004005432,2.4300000667572,89.1369996517897,9.44600009918213,7.68942880630493,4.02040015800546,1.20822687542349,0.855078971977907,18,0.967741935,-1,2,0.704648074,0.077689243,0.063612218,0.002257636,0.135723772,0,0.004515272,0.002124834,-0.000664011,0,-0.005976096,902.5314941,-0.003156732,0.023514491,82.01638794,180812.1925,0.78,52731.4,6.77298,0.190325,0.028100629,0.066273932,0.933726068,4.24,0.025682877,0.661675182,0.6545698
"LVWS","6/21/2016",6,21,"Loch.LH","TheLoch","RMNP","National Park Service","hypolimnion","NATURAL",40.2926,-105.65627,32,95.5,76.4,NA,7.2,12.3,2.9,7.2,9,173,2016,1,3048,1,1.28,0.311,0.254,5,0.37,0.814999997615814,0.854999996721745,25.4470005407929,12.9850006103516,11.9127146175929,8.21810035308202,0.369530630526029,1.49817428960973,18,0.967741935,-1,16,0.704648074,0.077689243,0.063612218,0.002257636,0.135723772,0,0.004515272,0.002124834,-0.000664011,0,-0.005976096,902.5314941,-0.003156732,0.023514491,82.01638794,180812.1925,0.78,52731.4,6.77298,0.190325,0.028100629,0.066273932,0.933726068,4.24,0.025682877,0.661675182,0.6545698
"LVWS","6/21/2016",6,21,"Loch.LS","TheLoch","RMNP","National Park Service","surface","NATURAL",40.2926,-105.65627,32,429.3,73.5,NA,9.3,12,2.18,1.54,9,173,2016,0,3048,1,1.33,0.299,0.267,5,0.37,0.814999997615814,0.854999996721745,25.4470005407929,12.9850006103516,11.9127146175929,8.21810035308202,0.369530630526029,1.49817428960973,18,0.967741935,-1,16,0.704648074,0.077689243,0.063612218,0.002257636,0.135723772,0,0.004515272,0.002124834,-0.000664011,0,-0.005976096,902.5314941,-0.003156732,0.023514491,82.01638794,180812.1925,0.78,52731.4,6.77298,0.190325,0.028100629,0.066273932,0.933726068,4.24,0.025682877,0.661675182,0.6545698
"LVWS","6/23/2016",6,23,"Sky.LH","SkyPond","RMNP","National Park Service","hypolimnion","NATURAL",40.27814,-105.66837,30,71.1,56.9,3,5.8,NA,4.05,11.2,14,175,2016,1,3322,1,0.72,0.36,0.315,7.2,0.15,3.89199995994568,4.70699995756149,29.3390005007386,12.4410009384155,13.3512862069266,8.95246706406275,0.369530630526029,1.49817428960973,18,0.967741935,-1,18,0.813545492,0,0.013871889,0,0.153406773,0,0.009383925,0,0,0,-0.009383925,696.7922363,0.001533721,0.015814093,82.01638794,171494.0177,1.87,41126,2.20429,0.14665,0.066529359,0.146118721,0.853881279,4.19,0.024967228,0.674908025,0.668038315
"LVWS","6/23/2016",6,23,"Sky.LS","SkyPond","RMNP","National Park Service","surface","NATURAL",40.27814,-105.66837,30,430.2,60.9,3,6.9,NA,4.21,1.84,13,175,2016,0,3322,1,0.72,0.358,0.306,7.2,0.15,3.89199995994568,4.70699995756149,29.3390005007386,12.4410009384155,13.3512862069266,8.95246706406275,0.369530630526029,1.49817428960973,18,0.967741935,-1,18,0.813545492,0,0.013871889,0,0.153406773,0,0.009383925,0,0,0,-0.009383925,696.7922363,0.001533721,0.015814093,82.01638794,171494.0177,1.87,41126,2.20429,0.14665,0.066529359,0.146118721,0.853881279,4.19,0.024967228,0.674908025,0.668038315
"LVWS","6/28/2016",6,28,"Loch.LH","TheLoch","RMNP","National Park Service","hypolimnion","NATURAL",40.2926,-105.65627,32,81.5,65.2,4.7,7.3,12.2,3.15,8,10,180,2016,1,3048,1,1.12,0.295,0.242,5,0.37,0,6.50999999046326,22.7630002871156,12.246000289917,13.1151435034616,10.5661671320597,0.369530630526029,1.49817428960973,18,0.967741935,-1,23,0.704648074,0.077689243,0.063612218,0.002257636,0.135723772,0,0.004515272,0.002124834,-0.000664011,0,-0.005976096,902.5314941,-0.003156732,0.023514491,82.01638794,180812.1925,0.78,52731.4,6.77298,0.190325,0.028100629,0.066273932,0.933726068,4.24,0.025682877,0.661675182,0.6545698
"LVWS","6/28/2016",6,28,"Loch.LS","TheLoch","RMNP","National Park Service","surface","NATURAL",40.2926,-105.65627,32,374.2,79.1,4.7,9.9,11.7,1.82,1.69,8,180,2016,0,3048,1,1.17,0.286,0.222,5,0.37,0,6.50999999046326,22.7630002871156,12.246000289917,13.1151435034616,10.5661671320597,0.369530630526029,1.49817428960973,18,0.967741935,-1,23,0.704648074,0.077689243,0.063612218,0.002257636,0.135723772,0,0.004515272,0.002124834,-0.000664011,0,-0.005976096,902.5314941,-0.003156732,0.023514491,82.01638794,180812.1925,0.78,52731.4,6.77298,0.190325,0.028100629,0.066273932,0.933726068,4.24,0.025682877,0.661675182,0.6545698
"LVWS","6/30/2016",6,30,"Sky.LH","SkyPond","RMNP","National Park Service","hypolimnion","NATURAL",40.27814,-105.66837,30,69.3,55.5,NA,6.1,NA,4.98,9.6,12,182,2016,1,3322,1,0.71,0.301,0.355,7.2,0.15,0.119999997317791,3.1630000397563,22.7520003020763,12.7910003662109,12.5627148491996,11.0266671498617,0.369530630526029,1.49817428960973,18,0.967741935,-1,25,0.813545492,0,0.013871889,0,0.153406773,0,0.009383925,0,0,0,-0.009383925,696.7922363,0.001533721,0.015814093,82.01638794,171494.0177,1.87,41126,2.20429,0.14665,0.066529359,0.146118721,0.853881279,4.19,0.024967228,0.674908025,0.668038315
"LVWS","6/30/2016",6,30,"Sky.LS","SkyPond","RMNP","National Park Service","surface","NATURAL",40.27814,-105.66837,30,283.4,57.9,NA,7,NA,5.85,2.45,12,182,2016,0,3322,1,0.67,0.314,0.245,7.2,0.15,0.119999997317791,3.1630000397563,22.7520003020763,12.7910003662109,12.5627148491996,11.0266671498617,0.369530630526029,1.49817428960973,18,0.967741935,-1,25,0.813545492,0,0.013871889,0,0.153406773,0,0.009383925,0,0,0,-0.009383925,696.7922363,0.001533721,0.015814093,82.01638794,171494.0177,1.87,41126,2.20429,0.14665,0.066529359,0.146118721,0.853881279,4.19,0.024967228,0.674908025,0.668038315
"LVWS","7/5/2016",7,5,"Loch.LH","TheLoch","RMNP","National Park Service","hypolimnion","NATURAL",40.2926,-105.65627,32,86.3,69,NA,11,NA,2.46,7.2,9,187,2016,1,3048,1,1,0.281,0.219,5,0.37,1.26699995994568,15.6579998577945,37.8650001506321,12.7600002288818,11.2942863191877,11.6334338665009,0.369530630526029,1.49817428960973,18,0.967741935,-1,30,0.704648074,0.077689243,0.063612218,0.002257636,0.135723772,0,0.004515272,0.002124834,-0.000664011,0,-0.005976096,902.5314941,-0.003156732,0.023514491,82.01638794,180812.1925,0.78,52731.4,6.77298,0.190325,0.028100629,0.066273932,0.933726068,4.24,0.025682877,0.661675182,0.6545698
"LVWS","7/5/2016",7,5,"Loch.LS","TheLoch","RMNP","National Park Service","surface","NATURAL",40.2926,-105.65627,32,519.4,62.9,NA,13.1,NA,2.25,1.09,9,187,2016,0,3048,1,0.87,0.256,0.218,5,0.37,1.26699995994568,15.6579998577945,37.8650001506321,12.7600002288818,11.2942863191877,11.6334338665009,0.369530630526029,1.49817428960973,18,0.967741935,-1,30,0.704648074,0.077689243,0.063612218,0.002257636,0.135723772,0,0.004515272,0.002124834,-0.000664011,0,-0.005976096,902.5314941,-0.003156732,0.023514491,82.01638794,180812.1925,0.78,52731.4,6.77298,0.190325,0.028100629,0.066273932,0.933726068,4.24,0.025682877,0.661675182,0.6545698
"LVWS","7/7/2016",7,7,"Sky.LH","SkyPond","RMNP","National Park Service","hypolimnion","NATURAL",40.27814,-105.66837,30,70.1,56.1,2.8,7.1,NA,4.47,8.8,11,189,2016,1,3322,1,0.69,0.279,0.239,7.2,0.15,0,15.1959998453967,35.5180000807159,11.6180009841919,10.830714906965,11.7596339066823,0.369530630526029,1.49817428960973,18,0.967741935,-1,32,0.813545492,0,0.013871889,0,0.153406773,0,0.009383925,0,0,0,-0.009383925,696.7922363,0.001533721,0.015814093,82.01638794,171494.0177,1.87,41126,2.20429,0.14665,0.066529359,0.146118721,0.853881279,4.19,0.024967228,0.674908025,0.668038315
"LVWS","7/7/2016",7,7,"Sky.LS","SkyPond","RMNP","National Park Service","surface","NATURAL",40.27814,-105.66837,30,275.6,59.3,2.8,7.9,NA,4.41,2.15,10,189,2016,0,3322,1,0.68,0.268,0.233,7.2,0.15,0,15.1959998453967,35.5180000807159,11.6180009841919,10.830714906965,11.7596339066823,0.369530630526029,1.49817428960973,18,0.967741935,-1,32,0.813545492,0,0.013871889,0,0.153406773,0,0.009383925,0,0,0,-0.009383925,696.7922363,0.001533721,0.015814093,82.01638794,171494.0177,1.87,41126,2.20429,0.14665,0.066529359,0.146118721,0.853881279,4.19,0.024967228,0.674908025,0.668038315
"LVWS","7/12/2016",7,12,"Loch.LH","TheLoch","RMNP","National Park Service","hypolimnion","NATURAL",40.2926,-105.65627,32,69.1,55.3,4,9.5,NA,1.33,8,10,194,2016,1,3048,1,0.66,0.25,0.194,5,0.37,0,0.0829999968409538,32.9560000444762,9.1850004196167,12.0227148873465,11.9157672087351,0.369530630526029,1.49817428960973,18,0.967741935,-1,37,0.704648074,0.077689243,0.063612218,0.002257636,0.135723772,0,0.004515272,0.002124834,-0.000664011,0,-0.005976096,902.5314941,-0.003156732,0.023514491,82.01638794,180812.1925,0.78,52731.4,6.77298,0.190325,0.028100629,0.066273932,0.933726068,4.24,0.025682877,0.661675182,0.6545698
"LVWS","7/12/2016",7,12,"Loch.LS","TheLoch","RMNP","National Park Service","surface","NATURAL",40.2926,-105.65627,32,174.7,48.4,4,12.1,11.5,1.36,3.05,11,194,2016,0,3048,1,0.55,0.241,0.194,5,0.37,0,0.0829999968409538,32.9560000444762,9.1850004196167,12.0227148873465,11.9157672087351,0.369530630526029,1.49817428960973,18,0.967741935,-1,37,0.704648074,0.077689243,0.063612218,0.002257636,0.135723772,0,0.004515272,0.002124834,-0.000664011,0,-0.005976096,902.5314941,-0.003156732,0.023514491,82.01638794,180812.1925,0.78,52731.4,6.77298,0.190325,0.028100629,0.066273932,0.933726068,4.24,0.025682877,0.661675182,0.6545698
"LVWS","7/14/2016",7,14,"Sky.LH","SkyPond","RMNP","National Park Service","hypolimnion","NATURAL",40.27814,-105.66837,30,76.8,61.4,2.8,7.4,NA,4.09,7.2,9,196,2016,1,3322,1,0.26,0.25,0.22,7.2,0.15,0,0,23.1059998418204,11.7250003814697,11.9874290738787,12.0146338621775,0.369530630526029,1.49817428960973,18,0.967741935,-1,39,0.813545492,0,0.013871889,0,0.153406773,0,0.009383925,0,0,0,-0.009383925,696.7922363,0.001533721,0.015814093,82.01638794,171494.0177,1.87,41126,2.20429,0.14665,0.066529359,0.146118721,0.853881279,4.19,0.024967228,0.674908025,0.668038315
"LVWS","7/14/2016",7,14,"Sky.LS","SkyPond","RMNP","National Park Service","surface","NATURAL",40.27814,-105.66837,30,894.9,63.6,2.8,8.1,NA,4.91,0.64,9,196,2016,0,3322,1,0.31,0.259,0.202,7.2,0.15,0,0,23.1059998418204,11.7250003814697,11.9874290738787,12.0146338621775,0.369530630526029,1.49817428960973,18,0.967741935,-1,39,0.813545492,0,0.013871889,0,0.153406773,0,0.009383925,0,0,0,-0.009383925,696.7922363,0.001533721,0.015814093,82.01638794,171494.0177,1.87,41126,2.20429,0.14665,0.066529359,0.146118721,0.853881279,4.19,0.024967228,0.674908025,0.668038315
"LVWS","7/19/2016",7,19,"Loch.LH","TheLoch","RMNP","National Park Service","hypolimnion","NATURAL",40.2926,-105.65627,32,51.8,41.5,NA,13.1,NA,2.9,9.6,12,201,2016,1,3048,1,0.63,0.225,0.172,5,0.37,0.899999976158142,0.899999976158142,23.9659998188727,13.8070011138916,12.2015720094953,12.2609339396159,0.376532614755838,1.14617907936501,18,0.967741935,-1,44,0.704648074,0.077689243,0.063612218,0.002257636,0.135723772,0,0.004515272,0.002124834,-0.000664011,0,-0.005976096,902.5314941,-0.003156732,0.023514491,82.01638794,180812.1925,0.78,52731.4,6.77298,0.190325,0.028100629,0.066273932,0.933726068,4.24,0.025682877,0.661675182,0.6545698
"LVWS","7/19/2016",7,19,"Loch.LS","TheLoch","RMNP","National Park Service","surface","NATURAL",40.2926,-105.65627,32,271.6,55.5,NA,14.4,NA,2.69,1.84,9,201,2016,0,3048,1,0.63,0.226,0.18,5,0.37,0.899999976158142,0.899999976158142,23.9659998188727,13.8070011138916,12.2015720094953,12.2609339396159,0.376532614755838,1.14617907936501,18,0.967741935,-1,44,0.704648074,0.077689243,0.063612218,0.002257636,0.135723772,0,0.004515272,0.002124834,-0.000664011,0,-0.005976096,902.5314941,-0.003156732,0.023514491,82.01638794,180812.1925,0.78,52731.4,6.77298,0.190325,0.028100629,0.066273932,0.933726068,4.24,0.025682877,0.661675182,0.6545698
"LVWS","7/21/2016",7,21,"Sky.LH","SkyPond","RMNP","National Park Service","hypolimnion","NATURAL",40.27814,-105.66837,30,47.8,38.2,NA,7.2,NA,4.73,11.2,14,203,2016,1,3322,1,0.25,0.242,0.193,7.2,0.15,6.12099981307983,7.02099978923798,29.2719996343367,15.3380002975464,13.3174292700631,12.3424006144206,0.376532614755838,1.14617907936501,18,0.967741935,-1,46,0.813545492,0,0.013871889,0,0.153406773,0,0.009383925,0,0,0,-0.009383925,696.7922363,0.001533721,0.015814093,82.01638794,171494.0177,1.87,41126,2.20429,0.14665,0.066529359,0.146118721,0.853881279,4.19,0.024967228,0.674908025,0.668038315
"LVWS","7/21/2016",7,21,"Sky.LS","SkyPond","RMNP","National Park Service","surface","NATURAL",40.27814,-105.66837,30,392.3,48.6,NA,10.5,NA,5.72,1.24,10,203,2016,0,3322,1,0.32,0.22,0.18,7.2,0.15,6.12099981307983,7.02099978923798,29.2719996343367,15.3380002975464,13.3174292700631,12.3424006144206,0.376532614755838,1.14617907936501,18,0.967741935,-1,46,0.813545492,0,0.013871889,0,0.153406773,0,0.009383925,0,0,0,-0.009383925,696.7922363,0.001533721,0.015814093,82.01638794,171494.0177,1.87,41126,2.20429,0.14665,0.066529359,0.146118721,0.853881279,4.19,0.024967228,0.674908025,0.668038315
"LVWS","7/26/2016",7,26,"Loch.LH","TheLoch","RMNP","National Park Service","hypolimnion","NATURAL",40.2926,-105.65627,32,50,40,4.9,10.8,10.8,3.05,9.6,12,208,2016,1,3048,1,0.55,0.217,0.165,5,0.37,0,8.53199991583824,25.1729997466318,14.1680002212524,14.4892861502511,12.4638005574544,0.376532614755838,1.14617907936501,18,0.967741935,-1,51,0.704648074,0.077689243,0.063612218,0.002257636,0.135723772,0,0.004515272,0.002124834,-0.000664011,0,-0.005976096,902.5314941,-0.003156732,0.023514491,82.01638794,180812.1925,0.78,52731.4,6.77298,0.190325,0.028100629,0.066273932,0.933726068,4.24,0.025682877,0.661675182,0.6545698
"LVWS","7/26/2016",7,26,"Loch.LS","TheLoch","RMNP","National Park Service","surface","NATURAL",40.2926,-105.65627,32,232.2,51.6,4.9,12.3,10.8,1.52,2,9,208,2016,0,3048,1,0.48,0.21,0.155,5,0.37,0,8.53199991583824,25.1729997466318,14.1680002212524,14.4892861502511,12.4638005574544,0.376532614755838,1.14617907936501,18,0.967741935,-1,51,0.704648074,0.077689243,0.063612218,0.002257636,0.135723772,0,0.004515272,0.002124834,-0.000664011,0,-0.005976096,902.5314941,-0.003156732,0.023514491,82.01638794,180812.1925,0.78,52731.4,6.77298,0.190325,0.028100629,0.066273932,0.933726068,4.24,0.025682877,0.661675182,0.6545698
"LVWS","7/28/2016",7,28,"Sky.LH","SkyPond","RMNP","National Park Service","hypolimnion","NATURAL",40.27814,-105.66837,30,51.2,41,3,8.6,NA,4.49,10.4,13,210,2016,1,3322,1,0.4,0.241,0.179,7.2,0.15,0,2.41100010275841,25.1729997466318,13.6870002746582,14.1627146857125,12.5868338902791,0.376532614755838,1.14617907936501,18,0.967741935,-1,53,0.813545492,0,0.013871889,0,0.153406773,0,0.009383925,0,0,0,-0.009383925,696.7922363,0.001533721,0.015814093,82.01638794,171494.0177,1.87,41126,2.20429,0.14665,0.066529359,0.146118721,0.853881279,4.19,0.024967228,0.674908025,0.668038315
"LVWS","7/28/2016",7,28,"Sky.LS","SkyPond","RMNP","National Park Service","surface","NATURAL",40.27814,-105.66837,30,217.3,50,3,9.8,9.6,5.46,2.3,10,210,2016,0,3322,1,0.46,0.226,0.169,7.2,0.15,0,2.41100010275841,25.1729997466318,13.6870002746582,14.1627146857125,12.5868338902791,0.376532614755838,1.14617907936501,18,0.967741935,-1,53,0.813545492,0,0.013871889,0,0.153406773,0,0.009383925,0,0,0,-0.009383925,696.7922363,0.001533721,0.015814093,82.01638794,171494.0177,1.87,41126,2.20429,0.14665,0.066529359,0.146118721,0.853881279,4.19,0.024967228,0.674908025,0.668038315
"LVWS","8/2/2016",8,2,"Loch.LH","TheLoch","RMNP","National Park Service","hypolimnion","NATURAL",40.2926,-105.65627,32,48.9,39.1,4.6,10.3,11.3,2.17,10.4,13,215,2016,1,3048,1,0.54,0.23,0.176,5,0.37,0,1.86000001430511,12.6459998632781,14.1900005340576,13.461572102138,13.0072339057922,0.376532614755838,1.14617907936501,18,0.967741935,-1,58,0.704648074,0.077689243,0.063612218,0.002257636,0.135723772,0,0.004515272,0.002124834,-0.000664011,0,-0.005976096,902.5314941,-0.003156732,0.023514491,82.01638794,180812.1925,0.78,52731.4,6.77298,0.190325,0.028100629,0.066273932,0.933726068,4.24,0.025682877,0.661675182,0.6545698
"LVWS","8/2/2016",8,2,"Loch.LS","TheLoch","RMNP","National Park Service","surface","NATURAL",40.2926,-105.65627,32,191.3,45.7,4.6,14.3,NA,1.44,2.15,9,215,2016,0,3048,1,0.59,0.186,0.141,5,0.37,0,1.86000001430511,12.6459998632781,14.1900005340576,13.461572102138,13.0072339057922,0.376532614755838,1.14617907936501,18,0.967741935,-1,58,0.704648074,0.077689243,0.063612218,0.002257636,0.135723772,0,0.004515272,0.002124834,-0.000664011,0,-0.005976096,902.5314941,-0.003156732,0.023514491,82.01638794,180812.1925,0.78,52731.4,6.77298,0.190325,0.028100629,0.066273932,0.933726068,4.24,0.025682877,0.661675182,0.6545698
"LVWS","8/4/2016",8,4,"Sky.LH","SkyPond","RMNP","National Park Service","hypolimnion","NATURAL",40.27814,-105.66837,30,46.4,37.1,4,8.8,NA,5.23,11.2,14,217,2016,1,3322,1,0.33,0.235,0.148,7.2,0.15,0,6.4799998998642,15.9949997887015,13.9830007553101,13.3752863747733,13.0724005699158,0.376532614755838,1.14617907936501,18,0.967741935,-1,60,0.813545492,0,0.013871889,0,0.153406773,0,0.009383925,0,0,0,-0.009383925,696.7922363,0.001533721,0.015814093,82.01638794,171494.0177,1.87,41126,2.20429,0.14665,0.066529359,0.146118721,0.853881279,4.19,0.024967228,0.674908025,0.668038315
"LVWS","8/4/2016",8,4,"Sky.LS","SkyPond","RMNP","National Park Service","surface","NATURAL",40.27814,-105.66837,30,206.7,40.4,4,10.6,9.9,5.7,2.15,11,217,2016,0,3322,1,0.39,0.201,0.115,7.2,0.15,0,6.4799998998642,15.9949997887015,13.9830007553101,13.3752863747733,13.0724005699158,0.376532614755838,1.14617907936501,18,0.967741935,-1,60,0.813545492,0,0.013871889,0,0.153406773,0,0.009383925,0,0,0,-0.009383925,696.7922363,0.001533721,0.015814093,82.01638794,171494.0177,1.87,41126,2.20429,0.14665,0.066529359,0.146118721,0.853881279,4.19,0.024967228,0.674908025,0.668038315
"LVWS","8/9/2016",8,9,"Loch.LH","TheLoch","RMNP","National Park Service","hypolimnion","NATURAL",40.2926,-105.65627,32,52.3,41.8,3.8,11.9,NA,3.74,9.6,12,222,2016,1,3048,1,0.67,0.227,0.134,5,0.37,0,17.2660000314936,28.5579999377951,12.9940004348755,11.2084289959499,12.8008338769277,0.376532614755838,1.14617907936501,18,0.967741935,-1,65,0.704648074,0.077689243,0.063612218,0.002257636,0.135723772,0,0.004515272,0.002124834,-0.000664011,0,-0.005976096,902.5314941,-0.003156732,0.023514491,82.01638794,180812.1925,0.78,52731.4,6.77298,0.190325,0.028100629,0.066273932,0.933726068,4.24,0.025682877,0.661675182,0.6545698
"LVWS","8/9/2016",8,9,"Loch.LS","TheLoch","RMNP","National Park Service","surface","NATURAL",40.2926,-105.65627,32,193.2,40.4,3.8,14.4,NA,3.47,2.3,11,222,2016,0,3048,1,0.67,0.201,0.123,5,0.37,0,17.2660000314936,28.5579999377951,12.9940004348755,11.2084289959499,12.8008338769277,0.376532614755838,1.14617907936501,18,0.967741935,-1,65,0.704648074,0.077689243,0.063612218,0.002257636,0.135723772,0,0.004515272,0.002124834,-0.000664011,0,-0.005976096,902.5314941,-0.003156732,0.023514491,82.01638794,180812.1925,0.78,52731.4,6.77298,0.190325,0.028100629,0.066273932,0.933726068,4.24,0.025682877,0.661675182,0.6545698
"LVWS","8/11/2016",8,11,"Sky.LH","SkyPond","RMNP","National Park Service","hypolimnion","NATURAL",40.27814,-105.66837,30,NA,NA,2.8,8.5,NA,6.8,12.8,16,224,2016,1,3322,1,NA,NA,0.181,7.2,0.15,2.48699998855591,16.9560000887141,32.8679998805746,12.6120004653931,11.0838576044355,12.8533338705699,0.376532614755838,1.14617907936501,18,0.967741935,-1,67,0.813545492,0,0.013871889,0,0.153406773,0,0.009383925,0,0,0,-0.009383925,696.7922363,0.001533721,0.015814093,82.01638794,171494.0177,1.87,41126,2.20429,0.14665,0.066529359,0.146118721,0.853881279,4.19,0.024967228,0.674908025,0.668038315
"LVWS","8/11/2016",8,11,"Sky.LS","SkyPond","RMNP","National Park Service","surface","NATURAL",40.27814,-105.66837,30,394.1,37.6,2.8,8.9,10.36,6.71,1.24,13,224,2016,0,3322,1,0.31,0.221,0.165,7.2,0.15,2.48699998855591,16.9560000887141,32.8679998805746,12.6120004653931,11.0838576044355,12.8533338705699,0.376532614755838,1.14617907936501,18,0.967741935,-1,67,0.813545492,0,0.013871889,0,0.153406773,0,0.009383925,0,0,0,-0.009383925,696.7922363,0.001533721,0.015814093,82.01638794,171494.0177,1.87,41126,2.20429,0.14665,0.066529359,0.146118721,0.853881279,4.19,0.024967228,0.674908025,0.668038315
"LVWS","8/16/2016",8,16,"Loch.LH","TheLoch","RMNP","National Park Service","hypolimnion","NATURAL",40.2926,-105.65627,32,47.5,38,4.1,10.1,NA,5.95,12,15,229,2016,1,3048,1,0.59,0.258,0.182,5,0.37,0,5.61999988555908,34.1779998233542,11.456000328064,11.0810004643032,12.6268338680267,1.01177768204565,1.00557812391188,18,0.967741935,-1,72,0.704648074,0.077689243,0.063612218,0.002257636,0.135723772,0,0.004515272,0.002124834,-0.000664011,0,-0.005976096,902.5314941,-0.003156732,0.023514491,82.01638794,180812.1925,0.78,52731.4,6.77298,0.190325,0.028100629,0.066273932,0.933726068,4.24,0.025682877,0.661675182,0.6545698
"LVWS","8/16/2016",8,16,"Loch.LS","TheLoch","RMNP","National Park Service","surface","NATURAL",40.2926,-105.65627,32,171.8,40.6,4.1,13.9,11.85,3.24,2.6,11,229,2016,0,3048,1,0.63,0.202,0.13,5,0.37,0,5.61999988555908,34.1779998233542,11.456000328064,11.0810004643032,12.6268338680267,1.01177768204565,1.00557812391188,18,0.967741935,-1,72,0.704648074,0.077689243,0.063612218,0.002257636,0.135723772,0,0.004515272,0.002124834,-0.000664011,0,-0.005976096,902.5314941,-0.003156732,0.023514491,82.01638794,180812.1925,0.78,52731.4,6.77298,0.190325,0.028100629,0.066273932,0.933726068,4.24,0.025682877,0.661675182,0.6545698
"LVWS","8/18/2016",8,18,"Sky.LH","SkyPond","RMNP","National Park Service","hypolimnion","NATURAL",40.27814,-105.66837,30,35.2,28.1,3.2,8.3,NA,8.81,14.4,18,231,2016,1,3322,1,0.3,0.229,0.257,7.2,0.15,4.9229998588562,6.86499983072281,38.8329997351393,11.8800001144409,10.637857573373,12.488467168808,1.01177768204565,1.00557812391188,18,0.967741935,-1,74,0.813545492,0,0.013871889,0,0.153406773,0,0.009383925,0,0,0,-0.009383925,696.7922363,0.001533721,0.015814093,82.01638794,171494.0177,1.87,41126,2.20429,0.14665,0.066529359,0.146118721,0.853881279,4.19,0.024967228,0.674908025,0.668038315
"LVWS","8/18/2016",8,18,"Sky.LS","SkyPond","RMNP","National Park Service","surface","NATURAL",40.27814,-105.66837,30,353.1,39.8,3.2,10.2,5.7,9.72,1.24,11,231,2016,0,3322,1,0.35,0.198,0.169,7.2,0.15,4.9229998588562,6.86499983072281,38.8329997351393,11.8800001144409,10.637857573373,12.488467168808,1.01177768204565,1.00557812391188,18,0.967741935,-1,74,0.813545492,0,0.013871889,0,0.153406773,0,0.009383925,0,0,0,-0.009383925,696.7922363,0.001533721,0.015814093,82.01638794,171494.0177,1.87,41126,2.20429,0.14665,0.066529359,0.146118721,0.853881279,4.19,0.024967228,0.674908025,0.668038315
"LVWS","9/20/2016",9,20,"Loch.LH","TheLoch","RMNP","National Park Service","hypolimnion","NATURAL",40.2926,-105.65627,32,81.2,65,4,9,NA,2.91,6.4,8,264,2016,1,3048,1,0.64,0.235,0.187,5,0.37,0,1.16600002348423,31.7469992965925,11.91100025177,6.98742886951992,8.57276706695557,0.295883389905076,1.3299074437776,18,0.967741935,-1,107,0.704648074,0.077689243,0.063612218,0.002257636,0.135723772,0,0.004515272,0.002124834,-0.000664011,0,-0.005976096,902.5314941,-0.003156732,0.023514491,82.01638794,180812.1925,0.78,52731.4,6.77298,0.190325,0.028100629,0.066273932,0.933726068,4.24,0.025682877,0.661675182,0.6545698
"LVWS","9/20/2016",9,20,"Loch.LS","TheLoch","RMNP","National Park Service","surface","NATURAL",40.2926,-105.65627,32,225.9,57.7,4,9.7,NA,2.84,2.3,9,264,2016,0,3048,1,0.62,0.235,0.194,5,0.37,0,1.16600002348423,31.7469992965925,11.91100025177,6.98742886951992,8.57276706695557,0.295883389905076,1.3299074437776,18,0.967741935,-1,107,0.704648074,0.077689243,0.063612218,0.002257636,0.135723772,0,0.004515272,0.002124834,-0.000664011,0,-0.005976096,902.5314941,-0.003156732,0.023514491,82.01638794,180812.1925,0.78,52731.4,6.77298,0.190325,0.028100629,0.066273932,0.933726068,4.24,0.025682877,0.661675182,0.6545698
"LVWS","9/22/2016",9,22,"Sky.LH","SkyPond","RMNP","National Park Service","hypolimnion","NATURAL",40.27814,-105.66837,30,561.7,26.7,3.2,5.5,NA,6.26,1,21,266,2016,1,3322,1,0.29,0.254,0.271,7.2,0.15,0,0,31.3539992899168,8.94700050354004,7.94657182693481,8.46696707407633,0.295883389905076,1.3299074437776,18,0.967741935,-1,109,0.813545492,0,0.013871889,0,0.153406773,0,0.009383925,0,0,0,-0.009383925,696.7922363,0.001533721,0.015814093,82.01638794,171494.0177,1.87,41126,2.20429,0.14665,0.066529359,0.146118721,0.853881279,4.19,0.024967228,0.674908025,0.668038315
"LVWS","9/22/2016",9,22,"Sky.LS","SkyPond","RMNP","National Park Service","surface","NATURAL",40.27814,-105.66837,30,383.4,73.8,3.2,5.5,NA,6.08,1.54,8,266,2016,0,3322,1,0.33,0.267,0.245,7.2,0.15,0,0,31.3539992899168,8.94700050354004,7.94657182693481,8.46696707407633,0.295883389905076,1.3299074437776,18,0.967741935,-1,109,0.813545492,0,0.013871889,0,0.153406773,0,0.009383925,0,0,0,-0.009383925,696.7922363,0.001533721,0.015814093,82.01638794,171494.0177,1.87,41126,2.20429,0.14665,0.066529359,0.146118721,0.853881279,4.19,0.024967228,0.674908025,0.668038315
"LVWS","7/16/2015",7,16,"Sky.LH","SkyPond","RMNP","National Park Service","hypolimnion","NATURAL",40.27814,-105.66837,30,48.6,38.9,NA,NA,NA,3.96,9.6,12,197,2015,1,3322,1,0.43,0.211,0.17,7.2,0.15,1.39999997615814,10.1699998565018,82.3109998889267,10.2180004119873,10.6747147696359,11.4272005558014,1.14569634988138,1.00506328140481,17.7,0.951612903,-2,39,0.813545492,0,0.013871889,0,0.153406773,0,0.009383925,0,0,0,-0.009383925,696.7922363,0.001533721,0.015814093,82.01638794,171494.0177,1.87,41126,2.20429,0.14665,0.066529359,0.146118721,0.853881279,2.98,0.01661126,0.857312886,0.872759734
"LVWS","7/16/2015",7,16,"Sky.LS","SkyPond","RMNP","National Park Service","surface","NATURAL",40.27814,-105.66837,30,334.1,58,NA,NA,NA,2.89,1.39,8,197,2015,0,3322,1,0.41,0.21,0.171,7.2,0.15,1.39999997615814,10.1699998565018,82.3109998889267,10.2180004119873,10.6747147696359,11.4272005558014,1.14569634988138,1.00506328140481,17.7,0.951612903,-2,39,0.813545492,0,0.013871889,0,0.153406773,0,0.009383925,0,0,0,-0.009383925,696.7922363,0.001533721,0.015814093,82.01638794,171494.0177,1.87,41126,2.20429,0.14665,0.066529359,0.146118721,0.853881279,2.98,0.01661126,0.857312886,0.872759734
"LVWS","7/23/2015",7,23,"Sky.LH","SkyPond","RMNP","National Park Service","hypolimnion","NATURAL",40.27814,-105.66837,30,52.8,42.3,3,NA,9.1,2.97,7.2,9,204,2015,1,3322,1,0.41,0.172,0.14,7.2,0.15,0,1.73000001907349,76.2090001292527,10.9230003356934,10.7390005929129,11.1312005519867,1.14569634988138,1.00506328140481,17.7,0.951612903,-2,46,0.813545492,0,0.013871889,0,0.153406773,0,0.009383925,0,0,0,-0.009383925,696.7922363,0.001533721,0.015814093,82.01638794,171494.0177,1.87,41126,2.20429,0.14665,0.066529359,0.146118721,0.853881279,2.98,0.01661126,0.857312886,0.872759734
"LVWS","7/23/2015",7,23,"Sky.LS","SkyPond","RMNP","National Park Service","surface","NATURAL",40.27814,-105.66837,30,357.1,48.6,3,7,9,3.23,1.09,8,204,2015,0,3322,1,0.37,0.176,0.145,7.2,0.15,0,1.73000001907349,76.2090001292527,10.9230003356934,10.7390005929129,11.1312005519867,1.14569634988138,1.00506328140481,17.7,0.951612903,-2,46,0.813545492,0,0.013871889,0,0.153406773,0,0.009383925,0,0,0,-0.009383925,696.7922363,0.001533721,0.015814093,82.01638794,171494.0177,1.87,41126,2.20429,0.14665,0.066529359,0.146118721,0.853881279,2.98,0.01661126,0.857312886,0.872759734
"LVWS","7/28/2015",7,28,"Loch.LH","TheLoch","RMNP","National Park Service","hypolimnion","NATURAL",40.2926,-105.65627,32,82.6,66.1,NA,8.9,10.2,1.57,7.2,9,209,2015,1,3048,1,0.79,0.269,0.109,5,0.37,0,1.73000001907349,75.516000110656,13.5830001831055,12.296000616891,11.1963339010874,1.14569634988138,1.00506328140481,17.7,0.951612903,-2,51,0.704648074,0.077689243,0.063612218,0.002257636,0.135723772,0,0.004515272,0.002124834,-0.000664011,0,-0.005976096,902.5314941,-0.003156732,0.023514491,82.01638794,180812.1925,0.78,52731.4,6.77298,0.190325,0.028100629,0.066273932,0.933726068,2.83,0.01661126,0.856528127,0.872759734
"LVWS","7/28/2015",7,28,"Loch.LS","TheLoch","RMNP","National Park Service","surface","NATURAL",40.2926,-105.65627,32,158.9,48.6,NA,10,10.5,1.57,2.45,8,209,2015,0,3048,1,0.77,0.176,0.112,5,0.37,0,1.73000001907349,75.516000110656,13.5830001831055,12.296000616891,11.1963339010874,1.14569634988138,1.00506328140481,17.7,0.951612903,-2,51,0.704648074,0.077689243,0.063612218,0.002257636,0.135723772,0,0.004515272,0.002124834,-0.000664011,0,-0.005976096,902.5314941,-0.003156732,0.023514491,82.01638794,180812.1925,0.78,52731.4,6.77298,0.190325,0.028100629,0.066273932,0.933726068,2.83,0.01661126,0.856528127,0.872759734
"LVWS","7/30/2015",7,30,"Sky.LH","SkyPond","RMNP","National Park Service","hypolimnion","NATURAL",40.27814,-105.66837,30,67.7,54.2,2.2,8.8,8.8,7.69,8,10,211,2015,1,3322,1,0.38,0.245,0.138,7.2,0.15,0,0,74.9300000853837,10.6340007781982,12.349143573216,11.0989339351654,1.14569634988138,1.00506328140481,17.7,0.951612903,-2,53,0.813545492,0,0.013871889,0,0.153406773,0,0.009383925,0,0,0,-0.009383925,696.7922363,0.001533721,0.015814093,82.01638794,171494.0177,1.87,41126,2.20429,0.14665,0.066529359,0.146118721,0.853881279,2.98,0.01661126,0.857312886,0.872759734
"LVWS","7/30/2015",7,30,"Sky.LS","SkyPond","RMNP","National Park Service","surface","NATURAL",40.27814,-105.66837,30,260.8,68.6,2.2,10.8,8.8,1.7,1.84,7,211,2015,0,3322,1,0.42,0.217,0.115,7.2,0.15,0,0,74.9300000853837,10.6340007781982,12.349143573216,11.0989339351654,1.14569634988138,1.00506328140481,17.7,0.951612903,-2,53,0.813545492,0,0.013871889,0,0.153406773,0,0.009383925,0,0,0,-0.009383925,696.7922363,0.001533721,0.015814093,82.01638794,171494.0177,1.87,41126,2.20429,0.14665,0.066529359,0.146118721,0.853881279,2.98,0.01661126,0.857312886,0.872759734
"LVWS","8/11/2015",8,11,"Loch.LH","TheLoch","RMNP","National Park Service","hypolimnion","NATURAL",40.2926,-105.65627,32,50.1,40,3.9,9,10.9,2.29,7.2,9,223,2015,1,3048,1,0.58,0.163,0.12,5,0.37,0,1.38999998569489,9.57999987341464,11.0960006713867,11.7890006474086,11.7149339358012,1.14569634988138,1.00506328140481,17.7,0.951612903,-2,65,0.704648074,0.077689243,0.063612218,0.002257636,0.135723772,0,0.004515272,0.002124834,-0.000664011,0,-0.005976096,902.5314941,-0.003156732,0.023514491,82.01638794,180812.1925,0.78,52731.4,6.77298,0.190325,0.028100629,0.066273932,0.933726068,2.83,0.01661126,0.856528127,0.872759734
"LVWS","8/11/2015",8,11,"Loch.LS","TheLoch","RMNP","National Park Service","surface","NATURAL",40.2926,-105.65627,32,230.7,53.4,3.9,11.7,10.9,1.36,1.39,6,223,2015,0,3048,1,0.63,0.145,0.084,5,0.37,0,1.38999998569489,9.57999987341464,11.0960006713867,11.7890006474086,11.7149339358012,1.14569634988138,1.00506328140481,17.7,0.951612903,-2,65,0.704648074,0.077689243,0.063612218,0.002257636,0.135723772,0,0.004515272,0.002124834,-0.000664011,0,-0.005976096,902.5314941,-0.003156732,0.023514491,82.01638794,180812.1925,0.78,52731.4,6.77298,0.190325,0.028100629,0.066273932,0.933726068,2.83,0.01661126,0.856528127,0.872759734
"LVWS","8/13/2015",8,13,"Sky.LH","SkyPond","RMNP","National Park Service","hypolimnion","NATURAL",40.27814,-105.66837,30,40.4,32.3,NA,7.1,9.3,5.95,8,10,225,2015,1,3322,1,0.58,0.146,0.084,7.2,0.15,0,2.0799999833107,8.84999991394579,13.4340009689331,11.9650006975446,11.7609672864278,1.14569634988138,1.00506328140481,17.7,0.951612903,-2,67,0.813545492,0,0.013871889,0,0.153406773,0,0.009383925,0,0,0,-0.009383925,696.7922363,0.001533721,0.015814093,82.01638794,171494.0177,1.87,41126,2.20429,0.14665,0.066529359,0.146118721,0.853881279,2.98,0.01661126,0.857312886,0.872759734
"LVWS","8/13/2015",8,13,"Sky.LS","SkyPond","RMNP","National Park Service","surface","NATURAL",40.27814,-105.66837,30,284.6,22.3,2,8.7,9.2,11.24,0.94,12,225,2015,0,3322,1,0.43,0.121,0.085,7.2,0.15,0,2.0799999833107,8.84999991394579,13.4340009689331,11.9650006975446,11.7609672864278,1.14569634988138,1.00506328140481,17.7,0.951612903,-2,67,0.813545492,0,0.013871889,0,0.153406773,0,0.009383925,0,0,0,-0.009383925,696.7922363,0.001533721,0.015814093,82.01638794,171494.0177,1.87,41126,2.20429,0.14665,0.066529359,0.146118721,0.853881279,2.98,0.01661126,0.857312886,0.872759734
"LVWS","8/18/2015",8,18,"Loch.LH","TheLoch","RMNP","National Park Service","hypolimnion","NATURAL",40.2926,-105.65627,32,52.2,41.7,3.5,9.5,10.7,3.61,6.4,8,230,2015,1,3048,1,0.62,0.151,0.096,5,0.37,0.769999980926514,15.1499997973442,18.5999997947365,11.4230003356934,12.9442862101964,12.0569005648295,0.34322702429343,1.15354968004519,17.7,0.951612903,-2,72,0.704648074,0.077689243,0.063612218,0.002257636,0.135723772,0,0.004515272,0.002124834,-0.000664011,0,-0.005976096,902.5314941,-0.003156732,0.023514491,82.01638794,180812.1925,0.78,52731.4,6.77298,0.190325,0.028100629,0.066273932,0.933726068,2.83,0.01661126,0.856528127,0.872759734
"LVWS","8/18/2015",8,18,"Loch.LS","TheLoch","RMNP","National Park Service","surface","NATURAL",40.2926,-105.65627,32,160.3,45.8,3.5,11.1,10.8,1.66,2,7,230,2015,0,3048,1,0.62,0.145,0.093,5,0.37,0.769999980926514,15.1499997973442,18.5999997947365,11.4230003356934,12.9442862101964,12.0569005648295,0.34322702429343,1.15354968004519,17.7,0.951612903,-2,72,0.704648074,0.077689243,0.063612218,0.002257636,0.135723772,0,0.004515272,0.002124834,-0.000664011,0,-0.005976096,902.5314941,-0.003156732,0.023514491,82.01638794,180812.1925,0.78,52731.4,6.77298,0.190325,0.028100629,0.066273932,0.933726068,2.83,0.01661126,0.856528127,0.872759734
"LVWS","8/20/2015",8,20,"Sky.LH","SkyPond","RMNP","National Park Service","hypolimnion","NATURAL",40.27814,-105.66837,30,44.2,35.4,2,7,9.1,8.92,5.6,7,232,2015,1,3322,1,0.56,0.112,0.081,7.2,0.15,0,15.6099997758865,19.7499997708946,5.59700012207031,11.0641431808472,11.8342338879903,0.34322702429343,1.15354968004519,17.7,0.951612903,-2,74,0.813545492,0,0.013871889,0,0.153406773,0,0.009383925,0,0,0,-0.009383925,696.7922363,0.001533721,0.015814093,82.01638794,171494.0177,1.87,41126,2.20429,0.14665,0.066529359,0.146118721,0.853881279,2.98,0.01661126,0.857312886,0.872759734
"LVWS","8/20/2015",8,20,"Sky.LS","SkyPond","RMNP","National Park Service","surface","NATURAL",40.27814,-105.66837,30,199,39.8,NA,9,9.1,11.9,1.4,7,232,2015,0,3322,1,0.37,0.126,0.101,7.2,0.15,0,15.6099997758865,19.7499997708946,5.59700012207031,11.0641431808472,11.8342338879903,0.34322702429343,1.15354968004519,17.7,0.951612903,-2,74,0.813545492,0,0.013871889,0,0.153406773,0,0.009383925,0,0,0,-0.009383925,696.7922363,0.001533721,0.015814093,82.01638794,171494.0177,1.87,41126,2.20429,0.14665,0.066529359,0.146118721,0.853881279,2.98,0.01661126,0.857312886,0.872759734
